,0,1,2,3
0,고색점,경기도 수원시 권선구 매송고색로 691번길 6(고색동),경기도,031-292-8777
1,수성점,"대구광역시 수성구 수성로53길 20, 1층",대구광역시,053-768-5222
2,민락수변공원점,"부산광역시 수영구 광안해변로326번길 32, 1층 102호 (민락동, e편한세상오션테라스3단지)",부산광역시,051-753-9282
3,상일점,서울특별시 강동구 천호대로 219번길 74,서울특별시,02-441-7077
4,석수점,경기도 안양시 만안구 석천로 168,경기도,031-471-2959
5,운정3호점,경기 파주시 가람로 51번길 26-30,경기도,031-941-9282
6,교문점,경기 구리시 이문안로 9-1,경기도,031-566-9812
7,밀양무안점,경상남도 밀양시 무안면 사명로 503,경상남도,055-353-9929
8,밀양구기점,경상남도 밀양시 청도면 청도로 111,경상남도,055-352-9994
9,송현점,대구광역시 달서구 송현로 103,대구광역시,053-631-2338
10,세천점,대구광역시 달성군 다사읍 세천로10길 15-7,대구광역시,053-584-9995
11,하양점,"경상북도 경산시 하양읍 문화로 12,2층",경상북도,053-851-7599
12,광명1호점,경기도 광명시 오리로 1023,경기도,02-2688-7272
13,십정점,인천광역시 부평구 배곶로 77,인천광역시,032-422-7548
14,범어신도시점,"경상남도 양산시 물금읍 범구1길 21, 2층 201호",경상남도,055-386-7717
15,흑석점,서울특별시 동작구 현충로52,서울특별시,02-824-9001
16,호구포역점,인천광역시 남동구 논현로 40,인천광역시,032-429-9288
17,서석점,강원도 홍천군 서석면 구룡령로 2532,강원도,033-433-4437
18,삼산본동점,울산광역시 남구 남중로 76 (삼산동),울산광역시,052-227-9246
19,하계점,"서울시 노원구 공릉로58길 176, 상가동 101호(하계동, 우방아파트)",서울특별시,02-948-4500
20,구의광장점,"서울시 광진구 광나루로 545, 상강 제A동 1층 2호",서울특별시,02-444-9238
21,제기점,서울시 동대문구 고산자로 56길 20,서울특별시,02-960-7270
22,중화점,서울시 중랑구 봉화산로 102,서울특별시,02-437-9599
23,독립문점,서울시 종로구 사직로 11,서울특별시,02-730-2690
24,광운대점,서울시 성북구 장위로 49길 1-1(장위동),서울특별시,02-913-1292
25,녹번점,서울시 은평구 통일로 649(녹번동),서울특별시,02-356-7174
26,양곡점,경기도 김포시 양촌읍 양곡2로30번길 7-23,경기도,031-8049-7122
27,고덕1호점,경기도 평택시 고덕면 고덕여염 11길 114,경기도,031-665-9285
28,삼양점,서울특별시 강북구 삼양로54길 7,서울특별시,02-986-6337
29,동서변점,대구광역시 북구 환성정길7,대구광역시,053-285-4005
30,화진점,경상북도 포항시 북구 송라면 동해대로3218번길 35,경상북도,054-256-8383
31,울릉도점,경상북도 울릉군 울릉읍 울릉순환로 212-21,경상북도,054-791-6569
32,하단가락타운점,"부산광역시 사하구 동매로 35, 1층(하단동)",부산광역시,051-206-6108
33,산본역점,경기도 군포시 산본동 1142-6,경기도,031-391-5055
34,상남점,경상남도 창원시 성산구 상남로 107 메종드테라스,경상남도,055-262-0426
35,미조점,경상남도 남해군 미조면 미조로236번길 25,경상남도,055-867-1280
36,칠암점,경상남도 진주시 진주대로856번길 5,경상남도,055-758-0119
37,중앙여좌점,경상남도 창원시 진해구 중원로 10,경상남도,055-543-2474
38,진주혁신도시점,경상남도 진주시 충의로 20-16,경상남도,055-763-4868
39,나주점,전라남도 나주시 나주천2길 72,전라남도,061-332-9281
40,모라점,부산광역시 사상구 백양대로 906,부산광역시,051-312-9279
41,동남지구점,충청북도 청주시 상당구 중고개로 104 309동,충청북도,043-291-7773
42,하단가락타운점,부산광역시 사하구 동매로 35,부산광역시,051-206-6108
43,치평점,광주광역시 서구 상무대로 739,광주광역시,062-385-9282
44,상주점,경상남도 남해군 상주면 남해대로 696,경상남도,055-863-4743
45,관산내유점,경기 고양시 덕양구 동헌로 3번길 3,경기도,031-964-9989
46,구월아시아드점,인천광역시 남동구 구월동 1542-2,인천광역시,032-471-9282
47,동천점,경기도 용인시 수지구 수풍로 117번길 2-6,경기도,031-261-4777
48,가락점,서울 송파구 가락동 82-6,서울특별시,02-407-5050
49,도화점,인천광역시 미추홀구 숙골로 116,인천광역시,032-872-8892
50,위례역점,경기도 성남시 수정구 위례광장로 27,경기도,031-756-6888
51,매곡.삼각점,광주 북구 매곡로 63(매곡동),광주광역시,062-573-9282
52,염주점,광주 서구 염화로40번길 201-1,광주광역시,062-225-9282
53,장락점,충북 제천시 용두천로 28가길 1 1층(장락동),충청북도,043-645-0666
54,서판교점,경기 성남시 분당구 운중로 129,경기도,070-4242-5566
55,송파장지점,서울 송파구 새말로6길 24-33,서울특별시,02-407-6699
56,서귀포신시가지점,"제주도 서귀포시 서호중로 47, 지하1층",제주특별자치도,064-739-9279
57,오목교점,서울특별시 양천구 목동서로 291 1층 106-1호(신정동),서울특별시,02-2645-9982
58,팽성점,경기도 평택시 팽성읍 안정순환로 142,경기도,031-651-9939
59,위례중앙점,서울 송파구 장지동 896,서울특별시,02-400-7288
60,성남점,"울산광역시 중구 중앙길 118, 1층 (성남동)",울산광역시,052-245-7245
61,호평점,"경기 남양주시 늘을2로 96, 호평마을대주파크빌 상가 109호",경기도,031-591-9285
62,남면점,경상북도 김천시 천동길 303-5,경상북도,054-439-8809
63,죽도점,경상북도 포항시 북구 대해로 15,경상북도,054-281-5001
64,금장현곡점,경상북도 경주시 현곡면 금장5길 34-15,경상북도,054-772-9909
65,관음점,대구광역시 북구 칠곡중앙대로 429,대구광역시,053-314-7811
66,이곡신당점,대구광역시 달서구 선원로37길 20,대구광역시,053-582-9282
67,동성로점,대구광역시 중구 국채보상로123길 23,대구광역시,053-428-5010
68,유강점,경상북도 포항시 남구 연일읍 유강길 17,경상북도,054-277-5995
69,봉덕점,대구광역시 남구 봉덕로21길 53-3,대구광역시,053-471-8249
70,노원점,"대구광역시 북구 침산남로7길 50-21,상가동 103호",대구광역시,053-356-6161
71,동탄새강마을점,경기도 화성시 반송동 155-6,경기도,031-8003-9995
72,평택용이점,경기도 평택시 용이동 452-20,경기도,031-655-8919
73,구영점,울산광역시 울주군 범서읍 798-1 102호,울산광역시,052-212-9211
74,미사강변점,경기도 하남시 망월동 976-3,경기도,031-796-9997
75,오송점,충북 청주시 흥덕구 오송읍 만수리 546,충청북도,043-235-8292
76,외도하귀점,"제주 제주시 우령서로 16, 1층",제주특별자치도,064-744-3404
77,주촌신도시점,경상남도 김해시 주촌면 선천남로 13,경상남도,055-329-9990
78,봉월점,"울산광역시 남구 봉월로 8번길 43-1 , 1층(신정동)",울산광역시,052-269-6009
79,킨텍스점,경기 고양시 일산서구 킨텍스로 217-21,경기도,031-917-9249
80,연수2점,인천광역시 연수구 샘말로 87번길 7-6,인천광역시,032-811-6062
81,선학점,인천광역시 연수구 학나래로 118번길 40,인천광역시,032-813-3392
82,성복역점,경기도 용인시 수지구 성복2로 51 A동,경기도,031-889-9815
83,우동자이점,"부산광역시 해운대구 해운대로 469번길 110,601동",부산광역시,051-746-7955
84,곤지암점,경기 광주시 곤지암읍 평촌길 35-11,경기도,031-763-7856
85,강상점,경기도 양평군 강상면 강남로 913번길 1,경기도,031-771-3199
86,중산점,경기도 고양시 일산동구 탄중로 311-16,경기도,031-915-0813
87,중산점,"경기도 고양시 일산동구 탄중로 311-16, 101호",경기도,031-915-0813
88,장곡점,경기도 시흥시 장곡로 49번길 5-1.1층 101호(장곡동),경기도,031-506-0232
89,주촌신도시점,"경상남도 김해시 주촌면 선천남로 13, 2층",경상남도,055-329-9990
90,기산점,경기도 화성시 동탄지성로 410,경기도,031-239-4885
91,탄방점,"대전광역시 서구 남선로 59번길 21, 1층",대전광역시,042-486-9289
92,제천본점,충북 제천시 강제동 818번지 1층,충청북도,043-648-0555
93,중동1호점,"부산광역시 해운대구 좌동순환로 468번 가길 20, 1층(중동)",부산광역시,051-746-7978
94,구례점,"전남 구례군 구례읍 중앙로 154,(1층)",전라남도,061-783-9282
95,감전점,"부산광역시 사상구 새벽시장로103번길 24,1층(감전동)",부산광역시,051-326-8316
96,대연혁신점,"부산광역시 남구 수영로325번길 61,301동 B107호 (대연동, 대연 롯데캐슬)",부산광역시,051-626-8114~5
97,연세대점,강원도 원주시 흥업면 매남동길 3-2 1층,강원도,033-763-0562
98,백령도점,인천광역시 옹진군 백령면664-7,인천광역시,032-836-8282
99,금암점,충남 계룡시 장안1길 6 101호,충청남도,042-551-1666
100,탄방점,"대전광역시 서구 남선로 59번길 21, 1층",대전광역시,042-486-9289
101,금호점,광주 서구 금화로73번길 18-9 1층(금호동),광주광역시,062-372-9281
102,완도점,전남 완도군 완도읍 개포로 154-6,전라남도,061-552-9283
103,옥길점,경기도 부천시 옥길동 715-6,경기도,032-343-9293
104,도당점,경기도 부천시 도당동43-8,경기도,032-671-0042
105,봉양점,충청북도 제천시 제원로 2길 7,충청북도,043-644-9592
106,가정점,인천광역시 서구 가정동612-17,인천광역시,032-562-7100
107,세류점,경기도 수원시 권선구 세지로80,경기도,031-898-7444
108,도남시청점,제주시 신성로 19,제주특별자치도,064-727-1001
109,고운점,세종시 고운서길 10,세종특별자치시,044-868-9592
110,소담점,"세종시 국책연구원1로 15, 상가A동 1층 102호",세종특별자치시,044-864-9282
111,고촌점,경기도 김포시 고촌읍 신곡리1160,경기도,031-996-8974
112,부평점,"부산광역시 중구 흑교로 21번길 20 1층,(부평동4가)",부산광역시,051-255-0520
113,연제1호점,"부산광역시 연제구 고분로 236번길 5, 1층(연산동)",부산광역시,051-755-7003
114,무실점,강원도 원주시 시청로 11 1층 102호,강원도,033-743-9292
115,첨단점,광주 광산구 첨단내촌로 66,광주광역시,062-973-9291
116,장흥점,전남 장흥군 장흥읍 동교로 40,전라남도,061-862-8999
117,봉동점,"전북 완주군 봉동읍 봉동동서로 76, 상가동 107호",전라북도,063-261-9282
118,동산반월점,전북 전주시 덕진구 쪽구름로 128(반월동),전라북도,063-213-9280
119,송천점,"전북 전주시 덕진구 붓내1길 10, 208동 2층 204(송천동2가)",전라북도,063-273-9282
120,인후점,"전북 전주시 덕진구 거북바우로 148, 1층(인후동2가)",전라북도,063-245-9288
121,아라점,제주특별자치도 제주시 아란8길 16,제주특별자치도,064-724-3303
122,호암점,충청북도 충주시 호암동1216,충청북도,043-853-7001
123,보라점,경기도 용인시 기흥구 사은로84번길 10,경기도,031-287-0804
124,신월점,서울특별시 양천구 신월동 1057-1,서울특별시,02-2605-8614
125,창전점,경기도 이천시 창전동451-28,경기도,031-631-4950
126,천상점,"울산광역시 울주군 범서읍 천상길 6, 101호",울산광역시,052-910-9292
127,해도점,경상북도 포항시 남구 해동로 16-1,경상북도,054-272-0555
128,인후점,전북 전주시 덕진구 거북바우로 148,경상북도,063-245-9288
129,아중점,전북 전주시 덕진구 석소로 9-6,전라북도,063-244-9282
130,평화점,전북 전주시 완산구 평화18길 23-10,전라북도,063-221-9232
131,신시가지점,전북 전주시 완산구 후곡길 23-9,전라북도,063-222-9288
132,나주혁신점,전남 나주시 배멧2길 39 로데오 빌딩 101호,전라남도,061-336-9281
133,전주혁신점,전북 전주시 덕진구 오정2길 3 1층,전라북도,063-222-9283
134,보성점,전라남도 보성군 보성읍 주봉리 398,전라남도,061-853-8592
135,서충주기업도시점,충북 충주시 중앙탑면 원앙 9길 10 C동 1층 109호 (코아루 더 테라스상가),충청북도,043-845-1030
136,포남점,"강원도 강릉시 경강로 2356번길 11, 1층",강원도,033-648-9911 ~ 2
137,단양점,충북 단양군 단양읍 상진 13길 11,충청북도,043-421-1236
138,간성점,강원도 고성군 간성읍 고성중앙 1길 13,강원도,033-681-0914
139,공주신관점,"충청남도 공주시 신금2길 17, 1층 104호",충청남도,041-853-9285
140,해운대좌동1호점,"부산광역시 해운대구 좌동로 152,1층 157호(좌동, 신도시시장)",부산광역시,051-701-9292
141,민락코스트코점,"경기 의정부시 용민로 469 , 107호",경기도,031-851-5592
142,묵현점,경기 남양주시 화도읍 먹갓로 28번길 5,경기도,031-595-0081
143,인창점,"경기 구리시 응달말로 51 , 107호",경기도,031-557-5592
144,사동계양점,경상북도 경산시 원효로32길 10,경상북도,053-813-4089
145,국우점,대구광역시 북구 학남로 99 A동 102호,대구광역시,053-322-0099
146,용흥점,경상북도 포항시 북구 새마을로 88 1층,경상북도,054-253-9979
147,동천점,경상북도 경주시 대안길 39-2,경상북도,054-745-3379
148,호미지구점,충청북도 청주시 상당구 수영로360,충청북도,043-295-6600
149,낭월점,대전광역시 동구 산내로1312,대전광역시,042-285-2999
150,장지점,경기도 광주시 순암로55,경기도,031-767-0522
151,연지점,부산광역시 부산진구 성지로 93(초읍동),부산광역시,051-819-8292
152,영등포점,서울특별시 영등포구 영등포동7가 203외2필지,서울특별시,02-2675-7377
153,신창점,충청남도 아산시 신창면 행목로217,충청남도,041-545-9989
154,용호메트로점,"부산광역시 남구 신선로 566,401동 154호",부산광역시,051-628-9290
155,소담점,세종특별자치시 소담동325,세종특별자치시,소담점
156,한숲시티점,경기도 용인시 처인구 남사면 한숲로 45,경기도,031-335-6661
157,신길점,서울특별시 영등포구 여의대방로53길 29,서울특별시,02-832-9227
158,광운대점,서울특별시 성북구 장위로49길 1-1,서울특별시,02-913-1292
159,토당점,경기도 고양시 덕양구 토당로125,경기도,031-971-0311
160,평택역점,경기도 평택시 평택동 292,경기도,031-652-9285
161,서귀포점,서귀포시 서문로 49,제주특별자치도,064-763-9982
162,제주삼양점,제주시 일주동로 378,제주특별자치도,064-727-9991
163,세화점,제주시 구좌읍 구좌로34,제주특별자치도,064-784-0130
164,이도점,제주시 승천로89,제주특별자치도,064-727-6868
165,제주연동점,제주시 사장2길31,제주특별자치도,064-742-7792
166,용담점,제주시 용문로 162,제주특별자치도,064-712-5006
167,범일점,부산광역시 동구 범상로 23 (범일동),부산광역시,051-636-1923
168,성내점,서울특별시 강동구 성내동 434-6,서울특별시,02-482-9992
169,서면1호점,"부산광역시 부산진구 새싹로 41-1 , 1층(부전동",부산광역시,051-802-9250
170,세마점,경기도 오산시 양산동 673-3,경기도,031-373-9212
171,일도점,제주특별자치도 제주시 일도2동 402-26,제주특별자치도,064-723-7075
172,성성점,충청남도 천안시 서북구 성성9로 7,충청남도,041-621-1117
173,금촌2호점,경기도 파주시 황골로15,경기도,050-7744-1283
174,생초점,경상남도 산청군 생초면 새실로3,경상남도,055-973-7702
175,서산시청점,충청남도 서산시 고운로142,충청남도,041-668-1788
176,원당점,인천광역시 서구 고산후로121번길 15,인천광역시,032-562-4555
177,상암점,서울특별시 마포구 성암로79,서울특별시,02-374-9374
178,도봉점,서울특별시 도봉구 마들로28길 58,서울특별시,02-3491-9282
179,파장점,경기도 수원시 장안구 파장천로 6,경기도,031-245-8818
180,송악점,충청남도 당진시 송악읍 송악로 699,충청남도,041-356-9233
181,중산점,"울산광역시 북구 중산로 7, 지상1층 (중산동)",울산광역시,052-291-3005
182,중산점,울산광역시 북구 중산로7,울산광역시,052-291-3005
183,청천점,충청북도 괴산군 청천면 청천2길 5,충청북도,043-832-1986
184,상도터미널점,경상북도 포항시 남구 중흥로100번길 10,경상북도,054-262-5001
185,교대점,부산광역시 연제구 중앙대로 1235번길 10(거제동),부산광역시,051-502-3910
186,포천계곡점,경상북도 성주군 가천면 포천계곡로 393,경상북도,054-932-0851
187,노형점,제주특별자치도 제주시 월랑북길10,제주특별자치도,064-742-3330
188,광명역점,경기도 광명시 일직로12번길 19,경기도,02-899-9939
189,중계본동점,서울특별시 노원구 중계로14길 29 (중계동),서울특별시,070-7543-5347
190,북아현점,서울특별시 서대문구 경기대로9길 81 (충정로 3가),서울특별시,02-364-9282
191,홍제점,서울특별시 서대문구 통일로39가길 57,서울특별시,02-396-2560
192,안암점,서울특별시 성북구 고려대로13길 43,서울특별시,02-929-2975
193,상계점,서울특별시 노원구 상계로23다길 5,서울특별시,02-951-2367
194,증산점,경남 양산시 물금읍 새실2길 13,경상남도,055-383-9242
195,매천점,대구광역시 북구 매천로17길 7,대구광역시,053-326-9997
196,옥산점,경상북도 경산시 성암로 7길 8 A동  105호,경상북도,054-812-9211
197,이동점,"경상북도 포항시 남구 대이로 145, 102호",경상북도,054-275-2922
198,공성점,경상북도 상주시 공성면 산현1길 34-3,경상북도,054-533-8999
199,당북점,경상북도 안동시 배움길 52 1층,경상북도,054-856-2468
200,월포점,경상북도 포항시 북구 청하면 해안로 2308번길 67,경상북도,054-232-4747
201,유천오류점,대전광역시 중구 계백로 1603번길 28-6 1층(유천동),대전광역시,042-523-0077
202,운양점,경기도 김포시 김포한강11로 38,경기도,031-987-1089
203,교동점,경남 양산시 교동 245-2  협성강변타운 제상가 104동 101호,경상남도,055-382-1772
204,송도점,"부산광역시 서구 충무대로 34, 상가동 2층 2-2호",부산광역시,051-241-3066
205,용마산점,서울특별시 중랑구 용마산로109길 24 (망우동),서울특별시,02-494-7878
206,장안점,서울특별시 동대문구 답십리로68길 67,서울특별시,02-2217-0011
207,당왕점,경기도 안성시 고수2로 70,경기도,031-672-0558
208,새솔점,경기도 화성시 수노을2로 36,경기도,031-355-5190
209,대림동산점,경기도 안성시 공도읍 대림동산길55,경기도,031-618-9977
210,강일점,서울특별시 강동구 강일동 676-1,서울특별시,02-429-8999
211,삼학점,"전남 목포시 둥근섬로 54번길 14, 1층(산정동)",전라남도,061-242-9282
212,명지오션시티점,"부산광역시 강서구 명지오션시티10로 114,",부산광역시,051-294-0399
213,서대신점,부산광역시 서구 대영로38번길 11(서대신동1가),부산광역시,051-246-4988
214,김량장점,경기도 용인시 처인구 김량장동 295-1,경기도,031-338-8892
215,내외점,경상남도 김해시 우암로 109-1 (내동),경상남도,055-334-9288
216,내손갈뫼점,경기도 의왕시 내손동 741-1,경기도,031-424-8280
217,고림점,경기도 용인시 처인구 고림동 1005,경기도,031-322-9980
218,정관방곡점,"부산광역시 기장군 정관읍 방곡3로 18-1 , 1층",부산광역시,051-727-6076
219,수원정자점,경기도 수원시 장안구 정자동 874-1,경기도,031-269-1001
220,등촌역점,서울특별시 양천구 목동 960,서울특별시,02-2644-2929
221,포승점,경기도 평택시 포승읍 여술로74,경기도,031-682-6564
222,인천논현2점,인천광역시 남동구 논현동 593-8,인천광역시,032-427-5585
223,역북점,경기도 용인시 처인구 명지로 40번길 9,경기도,031-338-9666
224,충무로점,서울특별시 중구 퇴계로 179-1,서울특별시,02-2285-3685
225,신촌점,서울특별시 서대문구 성산로22길36,서울특별시,02-3141-1367
226,창우점,경기도 하남시 대청로119-1,경기도,031-795-9253
227,미사역점,경기도 하남시 미사강변중앙로173,경기도,031-792-9344
228,여주터미널점,경기도 여주시 세종로79번길 23-3,경기도,031-881-5333
229,신성자운점,"대전 유성구 신성로77, 1층 (신성동)",대전광역시,042-867-7778
230,횡성점,강원도 횡성군 횡성읍 읍마북로 13,강원도,033-343-7773
231,영월점,강원도 영월군 영월읍 은행나무5길 41,강원도,033-372-9333
232,송지호점,강원도 고성군 오호길 18,강원도,033-638-5525
233,봉평점,강원도 평창군 봉평면 기풍로 162,강원도,033-334-7111
234,반곡혁신점,강원도 원주시 양지로 160-2(반곡동),강원도,033-746-0909
235,문막점,강원도 원주시 문막읍 문막시장 1길 35,강원도,033-735-9860
236,케이준 철산한신점,경기도 광명시 철망산로 87,경기도,02-2611-0199
237,케이준 원곡점,경기도 안산시 단원구 지곡로1안길 12,경기도,031-494-8242
238,오포점,경기도 광주시 오포읍 양벌로 315,경기도,031-765-9989
239,케이준 소하점,경기도 광명시 성채안로 26,경기도,02-897-9245
240,케이준 부천상동점,경기도 부천시 상동 559-3,경기도,032-321-9282
241,케이준 부림점,경기도 안양시 동안구 부림로 171,경기도,031-382-8292
242,케이준 본오점,경기도 안산시 상록구 본오동 827-8,경기도,031-406-9235
243,동백점,경기도 용인시 기흥구 동백3로 11번길 12,경기도,031-274-9299
244,초월점,경기도 광주시 초월읍 대쌍령리 191-6,경기도,031-766-1578
245,오천점,경기도 이천시 마장면 오천리 297-5,경기도,031-632-4543
246,안산사동점,경기도 안산시 상록구 사동 1397-1,경기도,031-416-9982
247,연산로터리점,부산광역시 연제구 월드컵대로 109 1층(연산동),부산광역시,051-852-8292
248,약대점,경기도 부천시 약대동 216-1,경기도,032-321-9289
249,삼정점,"경상남도 김해시 활천로 36번길 46, 1층(삼정동)",경상남도,055-331-5533
250,역곡점,경기도 부천시 안곡로 279번길 42,경기도,032-347-9288
251,반월점,경기도 안산시 상록구 창말1길 21,경기도,031-437-1153
252,운서점,인천광역시 중구 신도시남로 66,인천광역시,032-751-0070
253,월곡점,서울특별시 성북구 오패산로46,서울특별시,02-358-1122
254,왕십리점,서울특별시 성동구 마장로23길 7,서울특별시,02-6084-9283
255,이문점,서울특별시 동대문구 신이문로23길 23,서울특별시,02-964-0132
256,독산2점,서울특별시 금천구 시흥대로 90길 32-8,서울특별시,02-892-7770
257,도안가수원점,대전광역시 서구 가수원동 913,대전광역시,042-542-9283
258,두호점,경상북도 포항시 북구 새천년대로1076번길 21 효암빌딩1층,경상북도,054-251-9933
259,숭의점,인천광역시 미추홀구 장천로 80,인천광역시,032-888-0977
260,오태북삼점,"경상북도 구미시 금오대로14길 32, 102호",경상북도,054-464-7006
261,인천갈산점,인천광역시 부평구 주부토로 172번길 34 (갈산동),인천광역시,032-515-3557
262,구산점,경상남도 김해시 가락로 315(구산동),경상남도,055-338-1599
263,삼천점,"전북 전주시 완산구 삼천천변1길 17, 101호(삼천동1가)",전라북도,063-211-9282
264,갈현점,서울특별시 은평구 갈현로 288 (갈현동),서울특별시,02-384-7171
265,효창점,서울특별시 용산구 백범로77길 14 (원효로 1가),서울특별시,02-703-9271
266,구의자양점,서울특별시 광진구 화양동 467-1,서울특별시,02-456-9282
267,율전점,경기도 수원시 장안구 율전동 360-9,경기도,031-295-9280
268,송도2점,인천광역시 연수구 송도문화로 28번길 28 (송도동),인천광역시,032-816-7282
269,남원점,"전북 남원시 용성로 207,상가동1층 114호(도통동)",전라북도,063-635-9282
270,센텀점,"부산광역시 해운대구 센텀중앙로 145, 상가3동 1층 103호(재송동,더샵센텀파크1차아파트)",부산광역시,051-741-8282
271,남외점,"울산광역시 중구 구교로 260, 지상1층(남외동)",울산광역시,052-298-9288
272,대현점,대구광역시 북구 대현로 118,대구광역시,053-955-9288
273,울산대점,"울산광역시 남구 대학로 94번길 6, 1층(무거동)",울산광역시,052-277-2633
274,수암점,울산광역시 남구 중앙로 38(야음동),울산광역시,052-277-9200
275,상록점,경기도 안산시 상록구 서암로4길 20-1 (사동),경기도,031-406-8300
276,죽전점,경기도 용인시 수지구 현암로76,경기도,031-896-8607
277,괴정샘터점,"부산광역시 사하구 낙동대로 233번길 59, 1층(괴정동)",부산광역시,051-201-2891
278,월성점,대구광역시 달서구 월성동 84-5 월성주공1단지 나동 103호,대구광역시,053-638-8979
279,고잔점,경기도 안산시 단원구 고잔동 696-3,경기도,031-485-9277
280,고령덕곡점,경북 고령군 덕곡면 덕운로 586,경상북도,054-956-2731
281,고성점,대구광역시 북구 고성북로3 101동 1층 4호,대구광역시,053-352-1225
282,복현점,대구광역시 북구 복현2동 134-2,대구광역시,053-382-9279
283,수안점,"부산광역시 동래구 충렬대로218번길 26, 비동 1층(수안동)",부산광역시,051-558-9989
284,오전점,"경기도 의왕시 등칙골4길 14, 1층 103호(오전동)",경기도,031-453-9221
285,남항점,"부산광역시 영도구 남항로19번길 38, 1층(남항동1가)",부산광역시,051-417-9992
286,화정점,울산광역시 동구 대송8길 31(화정동),울산광역시,052-922-4068
287,청북점,경기도 평택시 청북읍 안청로4길 42,경기도,031-683-1177
288,오산운암점,경기도 오산시 원동로6 (원동),경기도,031-378-0987
289,팔판점,"경상남도 김해시 계동로23번길 5, 1층 111호(관동동, 대우프라자)",경상남도,055-313-8255
290,망양점,울산광역시 울주군 온양읍 덕망로 270,울산광역시,052-239-9999
291,우정점,울산광역시 중구 우암길 1(우정동),울산광역시,052-212-9909
292,와동점,경기도 안산시 단원구 화정천동로 2안길 28,경기도,031-482-9281
293,성안점,"울산광역시 중구 함월16길 13-1, 1층 (성안동)",울산광역시,052-245-8255
294,선암점,"울산광역시 남구 두왕로 174번길 35-1, 1층(선암동)",울산광역시,052-258-9394
295,대화점,"경기 고양시 일산서구 강성로 271 (대화동,대화씨티빌 101호)",경기도,031-911-3856
296,갈매점,"경기도 구리시 갈애순환로 198, 1층 101호(갈매동, 비젼프라자)",경기도,031-527-9258
297,신주례점,부산광역시 사상구 백양대로 502(주례동),부산광역시,051-315-9992
298,서창2점,인천광역시 남동구 서창남로 51,인천광역시,032-465-5506
299,신안평거점,"경남 진주시 신평공원길 25번길 8-4,1층",경상남도,055-742-9982
300,봉곡사림점,"경남 창원시 의창구 봉곡로 50,1층(봉곡동)",경상남도,055-277-8295
301,석동점,"경남 창원시 진해구 진해대로 886번길 20,1층(석동)",경상남도,055-542-9290
302,옥정1호점,경기도 양주시 옥정동로 173 레이크프라자 107호,경기도,031-868-9293
303,인천장기점,인천광역시 계양구 장기로 29 (장기동),인천광역시,032-556-5678
304,구로점,서울특별시 구로구 구로동로 213,서울특별시,02-868-1089
305,헬리오시티점,서울특별시 송파구 가락로 16길 2-26 (석촌동),서울특별시,02-423-9281
306,남동탄점,경기도 화성시 동탄대로4길95 (장지동),경기도,031-376-4492
307,구서점,"부산광역시 금정구 금강로 563, 1층(구서동)",부산광역시,051-582-9279
308,명지국제신도시점,"부산광역시 강서구 명지국제5로 14, 1층 101호(명지동, 서진빌딩)",부산광역시,051-968-7888
309,평창점,강원도 평창군 평창읍 백오1길 33,강원도,033-333-0009
310,여주교동점,경기도 여주시 세종로 254-16 (교동),경기도,031-881-3799
311,도원점,대구광역시 달서구 도원남로56 산새마을 분산상가 1층 103호,대구광역시,053-641-0041
312,좌동상록점,"부산광역시 해운대구 세실로 7, 104호(좌동, 해운대상록아파트상가)",부산광역시,051-703-0678
313,구남역점,부산광역시 북구 백양대로 1015번길 15(구포동),부산광역시,051-335-7766
314,이천점,경기도 이천시 관고동 12-4,경기도,031-633-1823
315,부곡점,부산광역시 금정구 동현로 23(부곡동),부산광역시,051-581-7890
316,석산점,경상남도 양산시 동면 금오7길 24,경상남도,055-363-9911
317,문현1동점,"부산광역시 남구 고동골로 66, 1층(문현동)",부산광역시,051-624-9875
318,양정1호점,부산광역시 부산진구 양지로 5번길 20(양정동),부산광역시,051-867-9955
319,통진점,경기도 김포시 통진읍 서암로6번길 5-21,경기도,031-996-8295
320,상동점,경남 거제시 거제중앙로3길 14-2(상동동),경상남도,055-635-9290
321,반송2호점,"부산광역시 해운대구 아랫반송로 51, 1층(반송동)",부산광역시,051-545-9266
322,소사벌점,경기도 평택시 비전동 1053,경기도,031-656-8292
323,동탄중앙점,경기도 화성시 동탄산척로 2나길 6-7 (산척동),경기도,031-375-8292
324,항구영일대점,경상북도 포항시 북구 아호로 3,경상북도,054-253-9996
325,반야월점,대구광역시 동구 안심로41길 47,대구광역시,053-964-0797
326,테크노폴리스점,대구광역시 달성군 유가읍 테크노중앙대로 326-35,대구광역시,053-611-6265
327,비전점,경기도 평택시 중앙로235 (비전동),경기도,031-658-9989
328,능곡점,경기도 시흥시 능곡중앙로77,경기도,031-404-0123
329,비산점,경기도 안양시 동안구 평촌대로408 (비산동),경기도,031-387-1112
330,부곡점,경기도 의왕시 삼동 150-16,경기도,031-462-9233
331,홍성점,충남 홍성군 홍성읍 충절로1053번길 41,충청남도,041-633-9995
332,율량사천점,충북 청주시 청원구 율량로190번길19,충청북도,043-903-0991
333,증평점,충북 증평군 증평읍 문화로83,충청북도,043-838-8977
334,송강테크로점,대전시 유성구 구즉로48번길10,대전광역시,042-935-9294
335,몰운대롯데캐슬점,"부산광역시 사하구 다대낙조2길 100, 101호(다대동,롯데캐슬몰운대아파트부상가)",부산광역시,051-262-9252
336,대구옥포돌미점,대구시 달성군 옥포면 돌미상업로2길 26,대구광역시,053-615-9986
337,영양점,경상북도 영양군 영양읍 중앙로 111,경상북도,054-682-1950
338,대합공단점,경남 창녕군 대합면 대합산업단지로 119-15,경상남도,055-533-0677
339,배곧점,경기도 시흥시 정왕동 2476-2,경기도,031-432-9998
340,광주점,경기도 광주시 송정동111-1,경기도,031-477-9282
341,신하점,경기도 이천시 부발읍 신하리 432-15,경기도,031-636-8726
342,관양점,경기도 안양시 동안구 관양동 1423,경기도,031-425-5211
343,중동점,경기도 부천시 원미구 부흥로 272번길 22,경기도,032-321-7636
344,조암점,경기도 화성시 장안면 기아자동차로 789 103호,경기도,031-358-3392
345,정왕점,경기도 시흥시 정왕동 1193-14,경기도,031-319-5192
346,일죽점,경기도 안성시 일죽면 송천리 28-4,경기도,031-672-9385
347,인계점,경기도 수원시 팔달구 인계동 1008-9,경기도,031-232-7234
348,이천사동점,경기도 이천시 대월면 사동리 182-2,경기도,031-638-9013
349,은행점,"경기도 시흥시 시흥대로 1074번길 28,106호(은행동, 녹원아파트 상가동)",경기도,031-312-9999
350,월곶점,경기도 시흥시 월곶동 995,경기도,031-318-9292
351,안성원곡점,경기도 안성시 원곡면 칠곡리 184-8,경기도,031-654-9220
352,우만점,경기도 수원시 팔달구 세지로421번길 37 (우만동),경기도,031-256-0903
353,호법점,경기도 이천시 호법면 후안리 267-4,경기도,031-632-9949
354,하안8점,경기도 광명시 하안동 260-2 8단지상가 104-2,경기도,02-802-4070
355,하안12점,경기도 광명시 하안동 62-4  1층 3호,경기도,02-806-5772
356,하안11점,경기도 광명시 하안동 30-5  10 단지상가  104,경기도,02-803-2993
357,포일내손점,경기도 의왕시 내손동652-15,경기도,031-425-1145
358,포도원,경기도 안양시 동안구 호계3동 811 현대홈타운상가 107,경기도,031-452-0827
359,평촌5점,경기도 안양시 동안구 평촌동 898-2 초원아파트상가110,경기도,031-387-2134
360,태전점,경기도 광주시 태전동 688-1,경기도,031-762-9525
361,철산점,경기도 광명시 철산동 240  주공13단지 상가동,경기도,02-2682-3230
362,천리점,경기도 용인시 이동면 천리 56-6,경기도,031-333-5784
363,중앙대,경기도 안성시 대덕면 내리 682-3,경기도,031-675-7750
364,안양중앙점,경기 안양시 만안구 삼덕로 80-1 (안양동) 1층,경기도,031-444-5592
365,안양2점,경기도 안양시 만안구 안양동 873-162,경기도,031-447-9292
366,안성점,경기도 안성시 도기 4길 9(도기동),경기도,031-671-9282
367,신흥산성점,경기도 성남시 수정구 수정남로 305번길11,경기도,031-733-8382
368,신천리점,경기도 시흥시 호현로49번안길 1(대야동),경기도,031-312-9709
369,신갈점,경기도 용인시 기흥구 신구로 38 청솔학원,경기도,031-274-5060
370,송내우성,경기도 부천시 소사구 송내동 336-15,경기도,032-662-7259
371,소사점,"경기도 부천시 소사구 소사로202번길 27, 1층(소사본동)",경기도,032-325-8787
372,성포점,경기도 안산시 상록구 성포동 592-2,경기도,031-487-8900
373,석수엘지점,경기도 안양시 만안구 석수동 415-2 엘지빌리지 상가,경기도,031-474-5592
374,샘마을점,경기도 안양시 동안구 호계동 1116 샘마을상가 1층,경기도,031-453-9992
375,삼보점,경기도 시흥시 대야동 275 삼보상가 1층 1호,경기도,031-314-6871
376,산본점,경기도 군포시 산본동 1069-3 (1층),경기도,031-393-9282
377,북내점,경기도 여주시 북내면 여양2로 274,경기도,031-883-5320
378,케이준 부곡점,경기도 안산시 상록구 성호로 340,경기도,031-406-9979
379,보정점,"경기도 용인시 기흥구 죽현로 8-20 130(보정동,아이원프라자)",경기도,031-272-9259
380,범계점,경기도 안양 동안 비산 1102 관악타운 상가122,경기도,031-381-8238
381,백암점,경기도 용인시 처인구 백암면 백암리 391번지,경기도,031-321-9282
382,백사점,경기도 이천시 백사면 현방리 67-12,경기도,031-632-0746
383,박달점,경기도 안양시 만안구 박달동 149-1,경기도,031-468-3392
384,미양점,경기도 안성시 미양면 보체리 405 상가 501동 101호,경기도,031-675-9258
385,모현점,경기도 용인시 처인구 모현면 일산리112-82,경기도,031-333-9952
386,만선점,경기도 광주시 곤지암읍 만선로 45,경기도,031-798-5525
387,둔전점,경기도 용인시 처인구 포곡읍 포곡로 118번길 24-11,경기도,031-334-7292
388,능평점,경기도 광주시 오포읍 수레실길 5,경기도,031-726-9253
389,금정점,경기도 군포시 금정동 79-1 1층,경기도,031-458-3888
390,군포점,경기도 군포시 당동 914-5번지,경기도,031-392-9295
391,구성점,"경기도 용인시 기흥구 구성로 186(언남동, 신일푸른솔아파트단지내 1층",경기도,031-274-9282
392,공도점,경기도 안성시 공도읍 고무다리길 3,경기도,031-658-9280
393,거모점,경기도 시흥시 군자로504번안길 12(거모동),경기도,031-508-3398
394,갈산점,경기도 이천시 갈산로 87번길 4(갈산동),경기도,031-635-3792
395,가남점,경기도 여주시 가남읍 태평중앙1길 8-10,경기도,031-884-7718
396,한솔새롬점,세종시 누리로28,세종특별자치시,044-862-9283
397,금정산SK점,"부산광역시 금정구 식물원로 82, 302동 201호(장전동, 금정에스케이뷰)",부산광역시,051-514-0123
398,평촌2점,경기도 안양시 동안구 평촌대로127번길 38,경기도,031-385-9288
399,목감점,경기도 시흥시 목감중앙서로20 시흥목감엘에이치 7단지,경기도,031-414-0056
400,시화3점,"경기도 시흥시 정왕대로28번길 31 , 110(정왕동)",경기도,031-433-1457
401,시화2점,"경기도 시흥시 옥구천서로373번길 43, 104호(정왕동, 주공1단지분산상가)",경기도,031-433-8292
402,신라대점,"부산광역시 사상구 백양대로 703, A동(덕포동)",부산광역시,051-304-9282
403,연제점,부산광역시 연제구 거제천로 183(거제동),부산광역시,051-867-5443
404,정관롯데캐슬점,"부산광역시 기장군 정관읍 정관3로 52, 상가동 101호(롯데캐슬)",부산광역시,051-728-5595
405,호계2점,경기도 안양시 동안구 호계동 912-2,경기도,031-457-1288
406,향남2점,경기도 화성시 향남읍 신광길 19. 102호,경기도,031-352-5464
407,신림역점,"서울특별시 관악구 신림동길 40, 101(신림동)",서울특별시,02-871-8588
408,동삭점,"경기도 평택시 동삭로 397 상가동 104,105호",경기도,031-652-5092
409,길동점,서울시 강동구 길동 351-7,서울특별시,02-470-2933
410,괴안점,경기도 부천시 소사 괴안동 89-1,경기도,032-347-5661
411,덕진하가점,전북 전주시 덕진구 가리내5길 16 103호(덕진동2가),전라북도,050-4308-7522
412,안동삼안점,경상남도 김해시 삼안로 131번길 8-4(삼방동),경상남도,055-337-7439
413,북정점,경상남도 양산시 북정로 101(북정동),경상남도,055-383-9255
414,산하1호점,"울산광역시 북구 화암6길 14, 1층 101호(산하동)",울산광역시,052-282-3569
415,부곡월산점,"경상남도 김해시 월산로 111-67,1 1층 105호(부곡동, 신화프라자)",경상남도,055-335-2288
416,괘법한신점,"부산광역시 사상구 광장로 37번길 82, 1층(괘법동,대동래미안)",부산광역시,051-316-9292
417,아주점,"경남 거제시 아주1로1길 7-2,1층(아주동)",경상남도,055-682-7575
418,오동동점,경남 창원시 마산합포구 오동동10길 15(오동동),경상남도,055-246-8086
419,예산점,충남 예산군 예산읍 주교로39 1층,충청남도,041-333-9520
420,대소점,충북 음성군 대소면 오태로 75-1,충청북도,043-882-5592
421,대도점,경상북도 포항시 남구 상대로 142,경상북도,054-277-8892
422,진천장관점,충북 진천군 진천읍 장관2길 139-1,충청북도,043-533-1355
423,삼성2점,대전 동구 현암로 36,대전광역시,042-621-1504
424,삼성점,충북 음성군 삼성면 덕정로62번길 2,충청북도,043-877-3377
425,무극점,충북 음성군 금왕읍 무극로 234,충청북도,043-878-5284
426,경산남산점,경북 경산시 남산면 산양길 9,경상북도,053-851-5999
427,계백점,대전시 중구 문화로90,대전광역시,042-582-5994
428,원성점,충남 천안시 동남구 버들로127,충청남도,041-567-9979
429,가양점,서울 강서 가양 1475 강변아파트상가 203,서울특별시,02-2668-9306
430,등촌점,서울특별시 강서구 등촌동 704  주공9단지아파트상가동102호,서울특별시,02-3662-3988
431,방화점,"서울특별시 강서구 방화대로33길 17 (방화동,1층)",서울특별시,02-2064-7670
432,신풍역점,"서울특별시 영등포구 신길로 108(신길동,남서울 아파트상가.신길동3591)",서울특별시,02-842-7979
433,신대방,서울시 동작구 대방동 409-10,서울특별시,02-812-0085
434,암사점,서울 강동구 암사동 425-197번지,서울특별시,02-427-9255
435,풍납점,서울 송파구 풍납동 392번지,서울특별시,02-473-9927
436,송파점,서울 송파구 송파동 135-18 102호,서울특별시,02-419-4734
437,문정점,서울 송파구 문정동 29,서울특별시,02-403-9761
438,오금점,서울 송파구 오금동 151-6번지,서울특별시,02-431-6678
439,일원점,서울시 강남 일원 682-7 1층,서울특별시,02-3411-0166
440,삼전점,서울시 송파 삼전 167-17,서울특별시,02-419-5544
441,신천점,서울시 송파 잠실 185-9,서울특별시,02-423-5183
442,압구정점,서울 강남구 신사동 653-15번지 2층,서울특별시,02-545-1027
443,잠원점,서울 서초구 잠원동 53번지 현대상사 1층 6호,서울특별시,02-592-2244
444,방배점,서울 서초구 방배동 868-28번지,서울특별시,02-594-6866
445,양재점,서울 서초구 양재동 6-37번지,서울특별시,02-576-9204
446,대치점,서울 강남구 대치동 922-14번지,서울특별시,02-562-9282
447,서초점,서울 서초구 서초동 1342번지,서울특별시,02-522-9272
448,역삼점,서울 강남구 역삼동 782-28번지,서울특별시,02-553-7749
449,논현점,서울 강남구 논현동 192-1번지,서울특별시,02-517-4178
450,여의도점,서울시 영등포구 여의도동50 시범상가 ,서울특별시,02-782-0520
451,대방점,서울 동작구 대방동 11-51,서울특별시,02-817-7979
452,장승배기점,서울 동작 상도 373-72번지,서울특별시,02-816-7007
453,봉천점,서울 관악구 봉천동 885-1번지,서울특별시,02-877-1122
454,행운점,서울 관악구 행운동 66-117번지,서울특별시,050-7744-5257
455,우장산점,서울특별시 강서구 강서로 46길 51(내발산동),서울특별시,02-2659-9279
456,화곡역점,서울특별시 강서구 화곡동 1062-20 2층,서울특별시,02-2699-3392
457,신정1점,"서울특별시 양천구 은행정로 5길 28,1층 102호(신정동)",서울특별시,02-2651-9282
458,신도림점,서울시 구로구 신도림동 396 - 140,서울특별시,02-2632-6612
459,신정7점,서울특별시 양천구 신정동 203-1,서울특별시,02-2648-5191
460,당산점,서울 영등포구 당산동1가 378번지,서울특별시,02-2678-9282
461,대림점,서울시 영등포구 대림동 1027-16,서울특별시,02-834-3042
462,구로가산점,서울 구로구 구로동 792-22번지,서울특별시,02-853-0808
463,독산점,서울시 금천구 독산 179-12,서울특별시,02-853-7714
464,시흥점,서울시 금천구 시흥동 887-24,서울특별시,02-807-6618
465,원종점,경기도 부천시 원종동 382-7,경기도,032-675-4578
466,목동점,"서울특별시 양천구 목동중앙서로 40 (목동,1층)",서울특별시,02-2061-9292
467,사당점,동작구 사당동 312-9번지,서울특별시,02-588-9293
468,상도점,서울 동작구 상도동156-22,서울특별시,02-3280-7088
469,동방점,서울시 관악 신림 246-23,서울특별시,02-871-6111
470,신림점,서울시 관악구 신림동 96-87,서울특별시,02-872-6904
471,개봉점,"서울특별시 구로구 고척로27길 58, 1층(개봉동)",서울특별시,02-2060-9253
472,신정점,"서울특별시 양천구 신정로11길 62, 1층(신정동, 유광빌딩)",서울특별시,02-2616-4331
473,화곡1점,"서울특별시 강서구 가로공원로 233  101(화곡동,뉴파인아파트상가1층)",서울특별시,02-2061-9284
474,개봉2점,서울특별시 구로구 개봉동 357-22,서울특별시,02-2689-0900
475,오류점,서울특별시 구로구 오류동 81-271,서울특별시,02-2688-0610
476,가좌점,인천시 서구 가좌동 142-45,인천광역시,032-582-0099
477,신현점,인천시 서구 신현동 279-5,인천광역시,032-578-7730
478,청라점,인천 서구 연희동 763-19,인천광역시,032-566-9599
479,하늘도시점,"인천광역시 중구 은하수로 351, 2동 103호 (중산동, 우미린1차상가)",인천광역시,032-746-8990
480,검암점,인천 서구 승학로 313-1,인천광역시,032-561-0702
481,온수점,인천 강화군 강화읍 길상면 온수리 538-10,인천광역시,032-937-9392
482,검단점,인천 서구 검단로 487번길 5,인천광역시,032-569-2848
483,마전점,인천 서구 완정로 34번길 47,인천광역시,032-566-8295
484,만수2점,"인천 남동구 백범로 206번길 13(만수동 ,1층)",인천광역시,032-461-7735
485,만수3점,인천광역시 남동구 만수6동 1026-1,인천광역시,032-467-1717
486,주안4점,인천시 남구 주안4동 414-32,인천광역시,032-433-2490
487,주안점,인천 남구 주안8동 1528-14,인천광역시,032-431-2877
488,구월3점,인천시 남동구 구월동 1359-20,인천광역시,032-766-9981
489,연안점,인천 중구 항동7가 58-4 라이프상가 1-107,인천광역시,032-886-7851
490,용현점,인천광역시 남구 용현동 342-2,인천광역시,032-885-4229
491,송림3점,인천시 동구 송림동 60-31,인천광역시,032-764-7999
492,송림점,인천 동구 송림2동 55-1,인천광역시,032-773-3297
493,송도점,인천시 연수구 컨밴시아대로 42번길 12,인천광역시,032-834-6272
494,인천논현점,인천광역시 남동구 논고개로 86,인천광역시,032-435-5599
495,병방점,인천시 계양구 병방동 92-26,인천광역시,032-544-5592
496,케이준 계양점,인천시 계양구 용종동 214-1,인천광역시,032-553-3927
497,계산점,인천시 계양구 계수로1,인천광역시,032-551-0122
498,효성점,인천시 계양구 효성동 192-1 (104호),인천광역시,032-553-9595
499,산곡점,인천시 부평구 산곡동 317-116,인천광역시,032-524-8787
500,간석점,인천 남동구 간석동 113-1번지 102호,인천광역시,032-442-1406
501,구월점,인천 남동구 구월동 1248-44,인천광역시,032-466-6222
502,진두점,인천시 옹진군 영흥면 내리 8-200,인천광역시,032-888-5534
503,부개점,인천시 부평구 부개동 140-22,인천광역시,032-361-9951
504,케이준 삼산점,인천시 부평구 삼산동440-1삼산타운 1단지 B상가103호,인천광역시,032-330-8600
505,부평점,인천시 부평구 부평동 904-16,인천광역시,032-361-2555
506,주안2점,인천광역시 남구 주안2동 550-23,인천광역시,032-872-5028
507,동수역점,인천시 부평구 경인로 887,인천광역시,032-519-0555
508,학익점,인천시 남구 학익동665-3,인천광역시,032-874-2271
509,연수점,인천 연수구 연수동 497-7,인천광역시,032-818-2616
510,옥련청학점,인천 연수구 옥련동 367-7,인천광역시,031-831-8292
511,육사점,서울시 노원구 공릉동 공릉사서함 77-5,서울특별시,02-2197-5941
512,수유화계점,서울시 강북구 노해로17길 51,서울특별시,02-992-8881
513,창5점(쌍용),"서울특별시 도봉구 마들로 555, 101동",서울특별시,02-996-9292
514,미아삼거리점,서울 강북구 월계로 3길 68 2층,서울특별시,02-980-0401
515,광희점,"서울특별시 중구 마른내로 163,1층(광희동1가)",서울특별시,02-3273-9991
516,연희점,서울특별시 서대문구 증가로 34(연희동),서울특별시,02-325-9090
517,보문점,서울시 성북구 보문로109,서울특별시,02-953-5749
518,정릉점,"서울시 성북구 보국문로 75,102",서울특별시,02-909-5150
519,청구점,"서울시 중구 동호로12길 88(신당동,1층)",서울특별시,02-2231-5460
520,서교점,서울시 마포구 성미산로17길 84,서울특별시,02-3143-6623
521,방학점,서울시 도봉구 방학로 200-20,서울특별시,02-955-9696
522,북가좌점,서울시 서대문구 북가좌동 347-27,서울특별시,02-309-3430
523,경희대점,"서울특별시 동대문구 경희대로4길 79, 1층 105호 (이문동)",서울특별시,02-964-9292
524,후암점,서울시 용산구 동자동 19-33,서울특별시,02-755-9595
525,염리점,서울시 마포구 숭문4길 5,서울특별시,02-713-3340
526,도화점,서울시 마포구 도화1동 25-4,서울특별시,02-702-6692
527,이태원점,서울시 용산구 이태원동 225-60,서울특별시,02-797-7689
528,응봉점,서울시 성동구 응봉동 193-118 1층,서울특별시,02-2293-3600
529,응암점,서울시 은평구 응암동 239-18,서울특별시,02-354-2646
530,역촌점,서울시 은평구 역촌동 34-1,서울특별시,02-384-8008
531,우이점,서울시 강북구 우이동 72-65,서울특별시,02-902-1870
532,수유점,서울시 강북구 수유동 310-1,서울특별시,02-997-1745
533,번동점,서울특별시 강북구 번동 411-17,서울특별시,02-994-3232
534,창동점,서울특별시 도봉구 창동 804 대우APT 상가,서울특별시,02-995-6481
535,쌍문점,서울시 도봉구 시루봉로2길 66 1층 102호,서울특별시,02-900-3301
536,녹천점,서울특별시 도봉구 창동 38-1 주공17단지상가 101,서울특별시,02-995-4236
537,월계미성점,서울시 노원구 월계동 17 미성상가 103,서울특별시,02-975-8892
538,공릉점,서울특별시 노원구 공릉동 270-70,서울특별시,02-948-7724
539,중곡점,서울시 광진구 중곡동 79-10,서울특별시,02-446-7831
540,면목점,서울시 중랑구 면목동 657-56,서울특별시,02-495-4716
541,신내점,서울시 중랑구 신내동 472-3 ,서울특별시,02-435-8438
542,공릉2점,서울특별시 노원구 공릉동 708 공릉 2단지 상가,서울특별시,02-948-7733
543,중계점,서울시 노원구 중계동 503 중계그린상가 B-107 ,서울특별시,02-971-4444
544,수락산점,"서울시 노원구 상계동 1110-6 종합상가 103,110,111호",서울특별시,02-936-4994
545,칠금봉방점,충북 충주시 연수동 1245,충청북도,043-853-9288
546,청전점,충북 제천시 숭문로20길 26(의림동),충청북도,043-648-9222
547,지현점,충북 충주시 사직산8길 22(지현동),충청북도,043-852-9991
548,이류점,충북 충주시 대소원면 대소원1길 21,충청북도,043-851-9289
549,용산점,충북 충주시 용정2길 39-1(성남동),충청북도,043-844-9292
550,연수점,충북 충주시 금릉동 708-2,충청북도,043-845-9201
551,수안보점,충북 충주시 수안보면 장터1길 19,충청북도,043-848-7278
552,부강점,충북 충주시 교현동 1087,충청북도,043-843-5163
553,금가점,충북 충주시 금가면 강수로 335,충청북도,043-853-9191
554,충북혁신도시점,충북 진천군 덕산면 연미로 87-1 상가1층,충청북도,043-534-6300
555,오창호수공원점,충청북도 청주시 청원구 오창읍 양청리 752-4 102호,충청북도,043-213-0215
556,음성점,충청북도 음성군 음성읍 시장로 43 ,충청북도,043-872-1138
557,탑동점,충청북도 청주시 상당구 탑동로1번길 104 ,충청북도,043-255-1686
558,괴산점,충청북도 괴산군 괴산읍 동부리 627-20,충청북도,043-833-9959
559,가경점,충북 청주시 가경동1137번지,충청북도,043-232-9999
560,봉명점,충청북도 청주시 흥덕구 봉명로149번길 6,충청북도,043-265-9993
561,부윤점,충청북도 음성군 대소면 대동로 515 ,충청북도,043-877-7633
562,강서점,충청북도 청주시 흥덕구 서현중로 56 ,충청북도,043-238-3382
563,감곡점,충청북도 음성군 감곡면 장감로 189 ,충청북도,043-881-5538
564,진천점,충청북도 진천군 진천읍 문화2길 12,충청북도,043-534-8292
565,복대점,충청북도 청주시 흥덕구 성봉로 267 ,충청북도,043-236-1717
566,석교점,충청북도 청주시 상당구 영운로 140 ,충청북도,043-254-2851
567,소라점,충청북도 청주시 상당구 원봉로 25 신라아파트 상가 111호,충청북도,043-293-3973
568,충북덕산점,충청북도 진천군 덕산면 초금로 757-2,충청북도,043-536-3521
569,영동점,충청북도 영동군 영동읍 영산로1길 3 ,충청북도,043-742-1213
570,옥천점,충청북도 옥천군 옥천읍 금장로 113 ,충청북도,043-733-1725
571,용산점,충청북도 영동군 용산면 용산로 307,충청북도,043-742-1212
572,배방북수점,충청남도 아산시 배방읍 배방로173번길 20-18 ,충청남도,041-541-3092
573,용화점,충청남도 아산시 온중로 20,충청남도,041-541-9292
574,신양점,충청남도 예산군 신양면 청신로 389 ,충청남도,041-331-0799
575,동문점,충청남도 서산시 한마음2로 49 ,충청남도,041-665-9777
576,서면점,충청남도 서천군 서면 서인로 361,충청남도,041-953-9282
577,석문점,충청남도 당진시 석문면 해명4로3길 34,충청남도,041-356-9700
578,강경점,충청남도 논산시 강경읍 계백로153번길 4 ,충청남도,041-745-1121
579,한진포구점,충청남도 당진시 송악읍 한진포구길 27 ,충청남도,041-358-0421
580,예산덕산점,충청남도 예산군 덕산면 봉운로 21,충청남도,041-337-5311
581,대천동점,충청남도 보령시 남대천로 73 ,충청남도,041-934-9294
582,신평점,충청남도 당진시 신평면 신평로 820,충청남도,041-362-9233
583,온양1동점,충청남도 아산시 번영로 71 ,충청남도,041-546-1077
584,논산점,충청남도 논산시 부창로100번길 13-19,충청남도,041-736-6262
585,신암점,충청남도 예산군 신암면 추사로 206,충청남도,041-332-4652
586,서천점,충청남도 서천군 서천읍 충절로29번길 18,충청남도,041-953-9259
587,신정점,충청남도 아산시 온천대로 1333번길 15,충청남도,041-549-0662
588,엄사점,충청남도 계룡시 엄사면 엄사중앙로 65-10 동아아파트 상가 106호 ,충청남도,042-840-9282
589,인주점,충청남도 아산시 인주면 현대로 1032 ,충청남도,041-533-6467
590,음암점,충청남도 서산시 음암면 상홍리 155-3 우리아파트상가 ,충청남도,041-663-1211
591,당진1점,충청남도 당진시 밤절로 103,충청남도,041-357-9205
592,웅천점,충청남도 보령시 웅천읍 장터중앙길 126 ,충청남도,041-933-2338
593,안면점,충청남도 태안군 안면읍 장터로 140-1 ,충청남도,041-674-0097
594,인지점,충청남도 서산시 인지면 무학로 1728 ,충청남도,041-669-9923
595,금산점,충청남도 금산군 금산읍 금산로 1465,충청남도,041-753-4808
596,부여점,충청남도 부여군 부여읍 석탑로 3 ,충청남도,041-832-6979
597,샘마을점,충청남도 아산시 신창면 남성길 99,충청남도,041-533-0041
598,모종점,충청남도 아산시 모종동 577-13 ,충청남도,041-544-3910
599,천북점,충청남도 보령시 천북면 하궁길 10,충청남도,041-641-2461
600,공주1점,충청남도 공주시 우금티로 755 2층 ,충청남도,041-856-5455
601,해미점,충청남도 서산시 해미면 남문1로 47 ,충청남도,041-688-6662
602,모항점,충청남도 태안군 소원면 모항파도로 113 ,충청남도,041-672-9044
603,원북점,충청남도 태안군 원북면 원이로 841-4 ,충청남도,041-672-3599
604,명지점,충청남도 서산시 대산읍 물안1로 123 ,충청남도,041-664-2564
605,두정2점,충청남도 천안시 서북구 두정역서1길 4-12 다온빌리지 1층상가 ,충청남도,041-566-1111
606,목천점,충청남도 천안시 동남구 목천읍 교천지산길 16 ,충청남도,041-558-9993
607,장재점,충청남도 아산시 배방읍 연화로 36 연화마을8단지 상가2동 104호 ,충청남도,041-534-5592
608,성거점,충청남도 천안시 서북구 성거읍 송남리 585,충청남도,041-522-0550
609,초원점,충청남도 아산시 음봉면 음봉로681번길 24 초원아파트109-101호 ,충청남도,041-531-9295
610,신방점,충청남도 천안시 동남구 수곡2길 5 ,충청남도,041-575-6236
611,청수점,충청남도 천안시 동남구 풍세로 932 ,충청남도,041-567-4241
612,입장점,충청남도 천안시 서북구 입장면 입장로 121 초원상가6-103호 ,충청남도,041-584-5694
613,쌍용봉명점,충청남도 천안시 서북구 봉서5길 18 ,충청남도,041-579-9990
614,백석점,충청남도 천안시 서북구 백석4길 12,충청남도,041-523-9288
615,쌍용월봉점,충청남도 천안시 서북구 월봉4로 140-16 월봉태영아파트상가 107호 ,충청남도,041-571-9292
616,북면중앙점,충청남도 천안시 동남구 북면 상동리 86-14 중앙아파트 상가 16호 ,충청남도,041-555-7874
617,성환점,충청남도 천안시 서북구 성환읍 성환중앙로 47 ,충청남도,041-581-9369
618,직산점,충청남도 천안시 서북구 성거읍 봉주로 111 ,충청남도,041-583-6161
619,차암공단점,충청남도 천안시 서북구 직산읍 2공단5로 169 대림상가 105호 ,충청남도,041-621-9292
620,두정1점,충청남도 천안시 서북구 늘푸른5길 22 골드프라자 110호 ,충청남도,041-551-3392
621,성정점,충청남도 천안시 서북구 서부16길14,충청남도,041-575-5457
622,신부점,충청남도 천안시 동남구 터미널2로 32 (신부동729번지),충청남도,041-563-9292
623,남부점,충청남도 천안시 동남구 풍세로 769-28,충청남도,041-592-9245
624,10단지점,충청남도 천안시 서북구 봉서산샛길 64 상가102호 ,충청남도,041-578-5592
625,효자점,전북 전주시 완산구 성지산로 61-4 ,전라북도,063-228-1999
626,조촌점,전북 군산시 조촌로 68 (조촌동),전라북도,063-451-7666
627,정읍수성점,전북 정읍시  중앙로95(수성동),전라북도,063-535-3773
628,익산영등점,전북 익산시 고봉로22길 31 (영등동),전라북도,063-852-9982
629,수송점,전북 군산시 월명로 305(수송동),전라북도,063-466-7666
630,산북소룡점,전북 군산시 칠성안1길 17(산북동 104호),전라북도,063-471-9282
631,미장점,전북 군산시 미장남로 36(미장동),전라북도,063-468-9282
632,미룡군산대점,전북 군산시 미제1길 6(미룡동),전라북도,063-462-9299
633,만경점,전북 김제시 만경읍 만경로 804,전라북도,063-545-3286
634,나운지곡점,전북 군산시 신평길 33-2(지곡동),전라북도,063-463-9285
635,나운1점,전북 군산시 상나운로 86(나운동),전라북도,063-463-8292
636,김제점,전북 김제시 동서로 133(요촌동),전라북도,063-542-8292
637,김제신풍점,전북 김제시 검산택지5길 21-7(검산동),전라북도,063-544-9282
638,홍농점,전남 영광군 홍농읍 홍농로 457-9,전라남도,061-356-4848
639,현산점,전남 해남군 현산면 탑동리길 5(6),전라남도,061-533-4858
640,해남화원점,전남 해남군 화원면 금평리 236-3,전라남도,061-532-1353
641,해남점,전남 해남군 해남읍 해남로 4,전라남도,061-533-3133
642,한라삼호점,전남 영암군 삼호읍 신항로 80(2층),전라남도,061-462-6636
643,하당점,전남 목포시 하당로30번길 12(상동),전라남도,061-284-2004
644,퀸스빌점,전남 영암군 삼호읍 삼호중앙로 129 (퀸스빌2차아파트 상가 101동 102호),전라남도,061-462-9289
645,창평점,전남 담양군 창평면 의병로 137,전라남도,061-383-7900
646,진도점,전남 진도군 진도읍 남동리 쌍정2길 30,전라남도,061-542-3939
647,중동점,전남 광양시 진등길 10(중동),전라남도,061-793-8599
648,용해점,전남 목포시 용당로 271-1(용해동),전라남도,061-277-3168
649,오성점,전남 광양시 광양읍 대림오성로 112,전라남도,061-763-9550
650,영광점,전남 영광군 영광읍 중앙로2길 12-15,전라남도,061-351-9944
651,압해도,전남 신안군 압해면 압해로 889,전라남도,061-271-1618
652,안좌도점,"전남 신안군 안좌면 김환기길 1-2,1층",전라남도,061-261-8855
653,신안인스빌점,"전남 목포시 삼학로 363, 상가동 113호(용해동)",전라남도,061-277-9282
654,순천대학점,"전남 순천시 중앙로 270,1층(석현동)",전라남도,061-751-2651
655,송지점,전남 해남군 송지면 산정1길 92,전라남도,061-535-5554
656,서면용당점,전남 순천시 서면 강청길 88(1층),전라남도,061-753-8295
657,상동점,전남 목포시 상리로1번길 16(상동),전라남도,061-274-3999
658,산정점,전남 목포시 고하대로 656(산정동),전라남도,062-278-0090
659,법성점,전남 영광군 법성면  연우로4(법성리),전라남도,061-356-8185
660,미평점,전남 여수시 미평로 52 1층(미평동),전라남도,061-651-9166
661,문수점,전남 여수시 문수로 72(문수동),전라남도,061-651-3886
662,무안점,"전남 무안군 무안읍 면성2길 55(3,4)",전라남도,061-453-7077
663,동정점,전남 여수시 하멜로 18(고소동),전라남도,061-654-9292
664,돌산점,전남 여수시 돌산읍 강남8길 30(돌산1차청솔아파트 상가동 102호),전라남도,061-644-2777
665,도초비금점,전남 신안군 도초면 불섬길 85-12,전라남도,061-275-6622
666,덕양점,전남 여수시 소라면 주삼덕양로 3,전라남도,061-683-8352
667,대불점,전남 영암군 삼호읍 대불주거1로5길 17,전라남도,061-462-0092
668,담양대치점,전남 담양군 대전면 추성1로 162,전라남도,061-383-2252
669,남창점,전남 해남군 북평면 볼무당길 5,전라남도,061-533-0805
670,남악점,"전남 무안군 삼향읍 남악5로46번길 22, 111호(황금먹거리장터)",전라남도,061-984-8292
671,국동점,전남 여수시 국동 994-3,전라남도,061-642-5272
672,광영점,전남 광양시 광영로 97(광영동),전라남도,061-794-9982
673,광양점,전남 광양시 광양읍 호북길22,전라남도,061-762-8154
674,곡성점,전남 곡성군 곡성읍 중앙로 141,전라남도,061-363-7870
675,강진점,전남 강진군 강진읍 영랑로3길 10,전라남도,061-434-7722
676,매곡월드점,"울산광역시 북구 매산로 35, 101호(매곡동, 매곡동월드프라자)",울산광역시,052-298-3005
677,천곡점,"울산광역시 북구 관문길 6-1, 지상1층(천곡동)",울산광역시,052-292-9298
678,쌍용아진점,"울산광역시 북구 신답로40, 102(상안동,지팝프라자)",울산광역시,052-282-9255
679,호계점,울산 북구 호계동 255-8,울산광역시,052-286-9984
680,화봉점,울산광역시 북구 두부곡 7길 1,울산광역시,052-287-9007
681,서동점(울산),"울산 중구 병영성 3길 9(서동,1층)",울산광역시,052-293-9222
682,반구점,울산 중구 화합로 395(반구동),울산광역시,052-285-0272
683,학성점,울산 중구 학성동 189-1,울산광역시,052-297-0067
684,중구점,"울산광역시 중구 동헌길 79, 1층(교동)",울산광역시,052-244-7484
685,태화점,울산 중구 신기2길 4(태화동),울산광역시,052-245-1220
686,다운점,울산광역시 중구 운곡8길 48(다운동),울산광역시,052-222-2597
687,무거점,"울산광역시 남구 신복로 13, 1층(무거동)",울산광역시,052-222-9288
688,옥동점,울산광역시 남구 문수로 369번길 10-1(옥동),울산광역시,052-269-9293
689,명촌점,"울산광역시 북구 명촌로 81, 1층(명촌동)",울산광역시,052-289-1400
690,양정점,"울산광역시 북구 염포로 555(양정동,1층)",울산광역시,052-287-9236
691,남목점,울산 동구 미포2길 50(동부동),울산광역시,052-235-9446
692,전하1호점,"울산광역시 동구 전하로 8, 1층(전하동",울산광역시,052-234-3467
693,일산점,울산광역시 동구 방어진순환도로 709(일산동),울산광역시,052-235-3133
694,방어진점,울산광역시 동구 동진2길 17(방어동),울산광역시,052-201-9338
695,삼산점,울산 남구 삼산동 삼산중로 114번로 23,울산광역시,052-260-8293
696,달동점,울산 남구 삼산로 254번길 23,울산광역시,052-257-7111
697,신정1호점,울산광역시 남구 월평로 69(신정동),울산광역시,052-261-0321
698,야음점,울산 남구 야음동 459-52,울산광역시,052-267-9292
699,야음변전소점,울산광역시 남구 처용로 26번길 10(야음동),울산광역시,052-275-4606
700,덕하점,울산광역시 울주군 청량면 삼정로 769,울산광역시,052-268-7943
701,덕신점,"울산광역시 울주군 온산읍 신온8길 18, 1층 102호",울산광역시,052-238-1882
702,나사리점,울산광역시 울주군 서생면 나사해안길 61-1,울산광역시,052-238-3355
703,훼미리점,울산 울주군 상북면 궁근정리 846-14 진우훼미리상가 102,울산광역시,052-264-5848
704,언양점,울산 울주군 언양읍 남문길 14,울산광역시,052-263-9222
705,연동점,세종특별자치시 연동면 청연로 655,세종특별자치시,044-865-9911
706,전동점,세종특별자치시 전동면 운주산로 346,세종특별자치시,044-858-8883
707,남산점,부산 금정구 남산동 27-50,부산광역시,051-515-9996
708,부산외대점,부산광역시 금정구 남산로 2-1(남산동),부산광역시,051-517-9989
709,길천점,부산 기장군 장안읍 길천리 224-5,부산광역시,051-727-3097
710,좌천점,부산 기장군 장안읍 좌천리 202-6,부산광역시,051-727-0807
711,일광점,부산광역시 기장군 일광면 삼성리 33-1,부산광역시,051-722-1515
712,기장점,부산광역시 기장군 기장읍 차성로 288번길 66,부산광역시,051-721-5577
713,반송본점,부산광역시 해운대구 반송동 62-344,부산광역시,051-543-7992
714,서동점(부산),부산 금정구 서동 205-13,부산광역시,051-531-2557
715,명장2호점,"부산광역시 동래구 반송로 339번길 8, 1동 101호(명장동,협진태양아파트상가)",부산광역시,051-522-9285
716,강동점,부산 강서구 강동동 112-4,부산광역시,051-971-1244
717,공항점,부산광역시 강서구 공항로 811번길 65(대저2동),부산광역시,051-971-9282
718,덕포1호점,부산광역시 사상구 사상로 326(덕포동),부산광역시,051-302-8181
719,스마트W개금점,"부산광역시 부산진구 가야대로 411, 1층 105호(개금동,개금역스마트더블유)",부산광역시,051-893-1116
720,개금엘지점,"부산광역시 부산진구 백양대로 309(개금동,(1층))",부산광역시,051-896-4480
721,개금주공점,"부산광역시 부산진구 백양대로 136번길 37-9,1층(당감동,당평교회)",부산광역시,051-891-2577
722,금곡점,"부산광역시 북구 금곡대로 470번길 35,105(금곡동,유림상가)",부산광역시,051-361-4148
723,화명점,부산 북구 화명1동 1130-9,부산광역시,051-341-3392
724,구포1호점,부산광역시 북구 구포시장길 44(구포동),부산광역시,051-337-7377
725,구포3호점,부산광역시 북구 시랑로 72-1(구포동),부산광역시,051-336-1244
726,덕천점,부산 북구 덕천동 의성로 115번길 3,부산광역시,051-338-9977
727,만덕점,부산 북구 만덕2로 32(만덕동),부산광역시,051-331-5877
728,온천장점,부산광역시 동래구 금강로 90(온천동),부산광역시,051-556-9233
729,장전점,부산광역시 금정구 금정로 149번길 8(장전동),부산광역시,051-583-6262
730,미남점,"부산광역시 동래구 여고북로 109 (온천동,1층)",부산광역시,051-503-8292
731,사직국민시장점,"부산광역시 동래구 사직북로 63번길 33-1,1층(사직동)",부산광역시,051-501-1812
732,사직운동장점,"부산광역시 동래구 여고로 7, 1층(사직동)",부산광역시,051-505-9283
733,거제점,부산 연제구 아시아드대로 46번길 7(거제동),부산광역시,051-502-9943
734,연산본점,부산광역시 연제구 쌍미천로 126(연산동),부산광역시,051-851-1253
735,망미배산점,부산 연제구 망미1동 831-26번지,부산광역시,051-751-0026
736,전포점,"부산 부산진구 전포동 전포대로294,2-101(전포동한신상가)",부산광역시,051-804-9280
737,범천점,부산광역시 부산진구 범천1동 850-1,부산광역시,051-637-8222
738,문현2호점,부산광역시 남구 전포대로 77번길 9-2(문현동),부산광역시,051-631-2568
739,못골점,부산 남구 대연동 1604-8,부산광역시,051-646-6077
740,문현점,부산 남구 문현동 351-6,부산광역시,051-635-9294
741,감만점,부산 남구 감만동 146-1,부산광역시,051-631-9288
742,대연점,부산광역시 남구 석포로 79(대연동),부산광역시,051-622-9254
743,용호시장점,"부산광역시 남구 용호로 190, 1층(용호동)",부산광역시,051-623-0202
744,용호점,부산광역시 남구 동명로 121(용호동),부산광역시,051-611-9201
745,경성부경대점,부산 남구 대연3동 555-7,부산광역시,051-622-2345
746,대연1호점,부산 남구 대연동 290-11,부산광역시,051-625-1331
747,남천점,"부산광역시 수영구 남천동로 7, 1층(남천동,장우빌딩)",부산광역시,051-624-9282
748,광안점,부산 수영구 광안동  537-2 ,부산광역시,051-757-7781
749,수비점,"부산광역시 해운대구 해운대로 383번 가길 19, 101호(우동, 삼진그린아파트상가)",부산광역시,051-818-7272
750,송정점,부산 해운대구 송정동 200-19,부산광역시,051-704-7977
751,신도시2호점,부산 해운대구 좌동 1288 대동타운분산상가 203,부산광역시,051-701-3331
752,우동1호점,부산 해운대구 우동1로 58(우동),부산광역시,051-742-7860
753,수영점,부산광역시 수영구 수영로 725번길 14(수영동),부산광역시,051-757-4004
754,망미점,부산광역시 수영구 구락로 85-2,부산광역시,051-758-7747
755,재송점,부산광역시 해운대구 재송1로 54,부산광역시,051-784-1801
756,장산점,부산 해운대구 반여동 재반로 242번길 20,부산광역시,051-782-3392
757,반여점,부산광역시 해운대구 반여로 167번길 70(반여동),부산광역시,051-524-0238
758,안락점,부산광역시 동래구 충렬대로 428번길 50(안락동),부산광역시,051-525-1105
759,연산토곡점,부산광역시 연제구 과정로 269-1(연산동),부산광역시,051-868-9011
760,학장점,부산 사상구 학장동 574-111 삼성아파트상가 1-102,부산광역시,051-316-1999
761,하단1호점,"부산광역시 사하구 하신번영로 360(하단동, 1층 우측)",부산광역시,051-293-9266
762,가락새신평점,부산 사하구 하신번영로 171(신평동) 31,부산광역시,051-201-3101
763,장림점,부산 사하구 장림동 604-209,부산광역시,051-264-5959
764,다대자유점,"부산광역시 사하구 다대로 617, 상가동 102호(다대동, 자유아파트)",부산광역시,051-261-9955
765,다대점,부산광역시 사하구 다대로 397(다대동),부산광역시,051-263-5567
766,신평점,부산 사하구 신평1동 33-168  24/1,부산광역시,051-206-1097
767,당리점,부산 사하구 당리동 324-27,부산광역시,051-294-8292
768,괴정1호점,부산 사하구 까치고개로 10(괴정동),부산광역시,051-207-7227
769,동해점,부산 서구 남부민동 33-6 흥아맨션 307호 ,부산광역시,051-255-8228
770,감천점,"부산광역시 사하구 감천로 111, 1층(감천동)",부산광역시,051-201-1235
771,동삼점,부산광역시 영도구 동삼로 77(동삼동),부산광역시,051-404-9282
772,청학점,"부산광역시 영도구 청학로 32, 4층 2호(청학동)",부산광역시,051-413-4423
773,초량본점,부산 동구 초량동 460-5 ,부산광역시,051-463-2167
774,수정1호점,부산광역시 동구 수정로 18(수정동),부산광역시,051-441-9985
775,범천2호점,"부산광역시 부산진구 가야대로 702, 101동 103호(범천동, 서면 e-편한세상상가)",부산광역시,051-803-1992
776,주례점,부산 사상구 가야대로 306번길 69(주례동),부산광역시,051-315-9292
777,가야점,부산 부산진구 가야대로 589번길 3(가야동),부산광역시,051-891-0787
778,당감1호점,부산광역시 부산진구 백양순환로 105(부암동),부산광역시,051-894-3999
779,부암점,"부산광역시 부산진구 시민공원로 19번길 38-6(부암동,1층)",부산광역시,051-806-6266
780,하마정점,"부산광역시 부산진구 범양로 113, 1층(양정동)",부산광역시,051-865-9246
781,한남대점,대전 대덕구 한남로 28 ,대전광역시,042-624-9100
782,어은점,대전 유성구 어은로48번길 9-5 ,대전광역시,042-861-9255
783,법동점,대전 대덕구 계족로663번길 23 ,대전광역시,042-633-0792
784,신탄로하스점,대전 대덕구 대덕대로 1583 ,대전광역시,042-936-2000
785,신성점,대전 유성구 신성로62번길 38,대전광역시,042-861-9222
786,원신흥점,대전 유성구 원신흥남로 58,대전광역시,042-826-4492
787,비래가양점,대전 대덕구 우암로 412,대전광역시,042-621-9982
788,부사점,대전 중구 대종로316번길 2,대전광역시,042-253-3588
789,둔산녹원점,대전 서구 계룡로491번길 28,대전광역시,042-487-2955
790,둔산타임월드점,대전 서구 갈마역로 10,대전광역시,042-471-6656
791,전민점,대전 유성구 전민로38번길 33,대전광역시,042-861-9005
792,도마점,대전 서구 도솔로 137,대전광역시,042-528-9238
793,관평점,대전 유성구 테크노1로 12-22,대전광역시,042-671-2100
794,월평3점,대전 서구 월평중로 50,대전광역시,042-383-7000
795,성남점,대전 동구 성남로 28,대전광역시,042-673-9044
796,둔산1점,대전 서구 둔산북로 175,대전광역시,042-482-7979
797,중리점,대전 대덕구 중리남로 48,대전광역시,042-622-9266
798,송촌2점,대전 대덕구 동춘당로54번길 40-6,대전광역시,042-622-9233
799,갈마점,대전 서구 갈마중로7번길 29,대전광역시,042-525-5163
800,신인점,대전 동구 계족로 87,대전광역시,042-283-4338
801,신탄1점,대전 대덕구 덕암로 222,대전광역시,042-933-1212
802,용운점,대전 동구 용운로147번길 123,대전광역시,042-284-8266
803,보문점,대전 중구 충무로 73,대전광역시,042-254-9942
804,대전삼성점,대전 동구 현암로 36,대전광역시,042-621-1504
805,대화점,대전 대덕구 동심1길 172,대전광역시,042-633-5592
806,관저1점,대전 서구 도안남로 148,대전광역시,042-545-3392
807,한밭점,대전 중구 보문산로 31,대전광역시,042-585-1188
808,태평점,대전 중구 수침로55번길 7,대전광역시,042-525-6720
809,용두점,대전광역시 중구 중앙로 13번길 63,대전광역시,042-256-9595
810,목동점,대전광역시 중구 목중로19번길 7,대전광역시,042-222-2092
811,송촌1점,대전광역시 대덕구 계족로690번길 21 선비마을1단지상가 104,대전광역시,042-672-9911
812,노은1점,대전광역시 유성구 은구비로 18,대전광역시,042-476-9223
813,장대점,대전 유성구 문화원로 13,대전광역시,042-822-8892
814,월평1점,대전광역시 서구 월평새뜸로8번길 50,대전광역시,042-485-0145
815,괴정점,대전광역시 서구 도산로369번길 91,대전광역시,042-536-0124
816,산호점,대전광역시광역시 서구 계룡로571번길 65 상가 103호,대전광역시,042-488-2285
817,둔산삼천점,대전광역시광역시 서구 둔산북로 215,대전광역시,042-482-1363
818,하남점,광주광역시 광산구 월곡반월로 28(월곡동 1동),광주광역시,062-951-5912
819,주월점,광주 남구 서문대로 749번길 15-1(주월동),광주광역시,062-673-7334
820,일곡점,광주 북구 설죽로 585-1(일곡동),광주광역시,062-572-9600
821,운암동림점,광주 북구 운암1동 930-8,광주광역시,062-531-4898
822,양산첨단2점,광주광역시 북구 임방울대로1041번길 24(용두동 1층),광주광역시,062-574-8292
823,송하풍암점,광주 남구 송하동 258-7,광주광역시,062-676-9252
824,송정점,"광주광역시 광산구 송도로 319, 1층(송정동)",광주광역시,062-941-9979
825,문흥1점,광주 북구 대천로 139번길 8-7(문흥동),광주광역시,062-267-8511
826,두암타운점,광주 동구 산수동 밤실로 147 (두암타운상가 105호),광주광역시,062-261-2962
827,모동점,경북 상주시 모동면 용호1길 25,경상북도,054-536-9282
828,영주1호점,경북 영주시 대학로 261번길 36(가흥동),경상북도,054-631-7711
829,안계점,경북 의성군 안계면 안계길 118,경상북도,054-862-6999
830,신안점,경북 안동시 안막동 69-9,경상북도,054-852-4273
831,옥동점,경북 안동시 옥동768-1 세영APT 상가동 104호,경상북도,054-843-0303
832,의성역점,경북 의성군 의성읍 문소3길 89,경상북도,054-832-6225
833,성동점,경북 상주시 성동 193 - 3 번지,경상북도,054-536-1442
834,낙양점,경북 상주시 낙양동 199-1,경상북도,054-535-0599
835,휴천점,경북 영주시 영주로 330번길 56(휴천동),경상북도,054-636-9636
836,진보점,경북 청송군 진보면 진안79-2,경상북도,054-653-8893
837,점촌점,경북 문경시 모전동 52-9,경상북도,054-552-5882
838,예천점,경북 예천군 예천읍 효자로 65,경상북도,054-653-8892
839,법원점,경상북도 포항시 북구 법원로 154 (양덕동),경상북도,054)-252-9946
840,평해점,경북 울진군 평해읍 평해리 58 2층,경상북도,054-787-8483
841,황성점,경북 경주시 용담로 116번길  61-5    103동  101호 신흥2차,경상북도,054-773-5408
842,시래점,경북 경주시 구매3길 28(시래동),경상북도,054-771-7980
843,안강점,경북 경주시 안강읍 양월5리1199-14,경상북도,054-761-0087
844,보문점,경북 경주시 신평동 150-9,경상북도,054-748-7484
845,황오점,경북 경주시 황오동 원효로 174,경상북도,054-745-7501
846,영덕점,경북 영덕군 영덕읍 남석1리  148,경상북도,054-732-1313
847,영천점,경북 영천시 야사동 283-38,경상북도,054-334-9709
848,오천점,경북 포항시 남구오천읍용덕리322-15,경상북도,054-292-1128
849,연일점,경상북도 포항시 남구 연일읍 철강로25번길 52,경상북도,054-278-9907
850,동해점,경북 포항시 남구동해면 약전1리291-1,경상북도,054-284-4957
851,효자점,경북 포항시 남구 효자동 308-16,경상북도,054-282-3324
852,흥해점,경북 포항시 북구 흥해읍 흥해로 21,경상북도,054-261-7786
853,환호점,경북 포항시 북구환호동512-7,경상북도,054-252-6588
854,기계점,경북 포항시 북구 기계면 현내리 404-5,경상북도,054-246-0088
855,감포점,경북 경주시 감포읍 감포리 50-2,경상북도,054-777-3457
856,달전점,경북 포항시 북구 흥해읍 달전로 365,경상북도,054-261-7892
857,북면점,경북 울진군 북면 덕구온천로 28,경상북도,054-783-0747
858,용강점,경북 경주시 승삼3길 18-1(용강동),경상북도,054-777-4262
859,충효점,경북 경주시 충효녹지길 128-9(충효동),경상북도,054-742-8285
860,아화점,경북 경주시 서면 내서로 406,경상북도,054-751-0331
861,신암점,대구광역시 동구 신암4동612-53,대구광역시,053-958-3999
862,성주점,경북 성주군 성주읍 성산리 2098-2번지,경상북도,054-931-9292
863,선남점,경북 성주군 선남면 관화리670-3,경상북도,054-931-1116
864,진량점,경북 경산시 진량읍 신상리 205-1,경상북도,053-851-9959
865,범물2호점,대구광역시 수성구 범물동1369-11,대구광역시,053-782-7631
866,두산들안점,대구광역시 수성구 들안로20길 41,대구광역시,053-763-1002
867,효신점,대구광역시 동구신천4동436-7,대구광역시,053-756-6114
868,범어점,대구광역시 수성구 범어4동114-1,대구광역시,053-745-5598
869,진천사랑점,대구광역시 달서구 월배로 32-1 진천우체국,대구광역시,053-643-0006
870,화원점,대구광역시 달성군 화원읍 화원로 1길 12,대구광역시,053-636-9995
871,상인점,대구광역시 달서구 상인동 1474-1 보성산호상가 102호,대구광역시,053-636-4333
872,대명1호점,"대구광역시 남구 안골길 15,1층",대구광역시,053-622-9888
873,논공점,대구광역시 달성군 논공읍 북리 803-142,대구광역시,053-615-0697
874,현풍점,대구광역시 달성군 현풍면 중리295-1,대구광역시,053-611-9233
875,매곡점,대구광역시 달성군 다사읍 매곡리 1549-1,대구광역시,053-586-9983
876,감삼점,대구광역시 달서구 감삼동205-12,대구광역시,053-566-0292
877,중평점,대구광역시 서구 국채보상로34길12.129-119,대구광역시,053-559-9989
878,신천점,대구광역시 동구 신천동633 동신우방상가108-108,경상북도,053-422-9277
879,방촌점,대구광역시 동구 방촌동902-7 현대상가,대구광역시,053-984-3185
880,시지1호점,대구광역시 수성구 노변공원로1길 6-5(시지동),대구광역시,053-793-9960
881,두류내당점,"대구광역시 달서구 야외음악당로 163, 1충(두류동)",대구광역시,053-654-2064
882,대명계대점,대구광역시 남구 대명3동2262-47번지,대구광역시,053-652-9982
883,명곡점,대구광역시 달성군 화원읍 상암로71201호2층,대구광역시,053-644-9902
884,죽곡점,대구광역시 달성군 다사읍 대실역남로 4길 30-26,대구광역시,053-586-8870
885,산격점,대구광역시 북구 대동로 45(산격동),대구광역시,053-951-8890
886,동명점,경북 칠곡군 동명면 금암중앙길 42,경상북도,054-976-7981
887,삼청공단점,경북 칠곡군 왜관읍 삼청리410-32,경상북도,054-973-4489
888,왜관점,경북 칠곡군 왜관읍왜관리774,경상북도,054-971-4110
889,석적중리점,경북 칠곡군 석적읍 중리201-10,경상북도,054-971-3825
890,용산점,"대구광역시 달서구 와룡로49길 103,1층",대구광역시,053-563-9997
891,서재점,대구광역시 달성군 다사읍 서재리 서재로 108,대구광역시,053-585-8145
892,성서1호점,대구광역시 달서구 이곡동 752-19,대구광역시,053-582-1256
893,고아점,경북 구미시 고아읍 오로리 460-1에덴상가 203호,경상북도,054-481-3006
894,옥계점,경북 구미시 구포동671-2,경상북도,054-475-9950
895,산동점,경북 구미시 산동면 강동로 1028-6,경상북도,054-475-8299
896,진평점,경북 구미시 진평동458,경상북도,054)-471-1741
897,구미1호점,경북 구미시 신평1동150-17,경상북도,054)-463-4545
898,상모점,경북 구미시 상사서로 92(상모동.마동1층),경상북도,054)-462-9982
899,원평점,경북 구미시 남통동14-44,경상북도,054)-458-6117
900,도량점,경북 구미시 도량동245-2,경상북도,054)-442-1414
901,원호점,경북 구미시 고아읍 원호리 449번지,경상북도,054)-441-1033
902,대곡점,경북 김천시 부곡동 990-1,경상북도,054-437-8292
903,직지점,경북 김천시 대항면복전리548-32,경상북도,054-436-8998
904,신음점,경북 김천시 신음동1302-5,경상북도,054-435-2292
905,침산점,대구광역시 북구 침산동456-7침산2지구아파트101-12,대구광역시,053-353-9959
906,인의황상점,경북 구미시 여헌로14길 10,경상북도,054-474-7940
907,덕곡율곡점,"경북 김천시 아포대로 22, 외2필지(덕곡동)",경상북도,054-437-9992
908,아포점,경북 김천시 아포읍 국사리 1047번지102호,경상북도,054-431-0082
909,지좌점,경북 김천시 황산2길 36 (지좌동),경상북도,054-434-1919
910,팔달점,대구광역시 서구 서대구로68길 58(비산동),대구광역시,053-352-9959
911,칠곡2지구점,대구광역시 북구 구암동 684-5,대구광역시,053-326-9949
912,태전점,"대구광역시 북구 칠곡중앙대로53길32,상가동107호",대구광역시,053-311-9930
913,금호샛별점,대구광역시 북구 한강로 6길3.1층(사수동),대구광역시,053-311-7999
914,회원1동점,경남 창원시 마산회원구 회원동 29-15,경상남도,055-244-0116
915,합천점,"경남 합천군 합천읍 옥산로 57-1, 1층",경상남도,055-931-0388
916,합성점,창원시 마산회원구 합성동 322-42,경상남도,055-297-4406
917,함안점,경남 함안군 함안면 북촌2길 64,경상남도,055-583-8592
918,하동점,경남 하동군 하동읍 중앙2길 10-4,경상남도,055-884-1377
919,팔용점,창원시 의창구 팔용동 194-7 1층,경상남도,055-297-9218
920,통영1점,"경남 통영시 중앙로 255, 103호(북신동,동우상가동)",경상남도,055-649-9233
921,태룡점,밀양시 단장면 태룡리 407-5,경상남도,055-356-0274
922,칠원점,경남 함안군 칠원읍 구성길 3,경상남도,055-587-3037
923,창선점,경남 남해군 창선면 상죽리 131,경상남도,055-867-4406
924,진성점,"경남 진주시 진성면 동부로 1348, 2층",경상남도,055-758-3236
925,지산점,창원시 마산합포구 진북면 지산리 250-16,경상남도,055-271-4348
926,지곡점,경남 함양군 지곡면 병곡지곡로 963-1,경상남도,055-963-6050
927,중앙점,"경남 진주시 진주대로 1022-1, 1층(동성동)",경상남도,055-747-7992
928,주공점,"경남 거제시 성산로 20, 1층(옥포동, 무지개타운상가)",경상남도,055-687-6333
929,제일점,경상남도 밀양시 밀양대로 1781-1(삼문동),경상남도,055-354-8592
930,장평점,경남 거제시 장평동 626-8,경상남도,055-637-1950
931,자은점,창원시 진해구 자은동 975-12 1층 102호,경상남도,055-551-9991
932,자산점,창원시 마산합포구 자산동 189-3,경상남도,055-248-1581
933,일반성점,경남 진주시 일반성면 창촌리 47-1,경상남도,055-754-6786
934,위천점,경남 거창군 위천면 장기리 418-18,경상남도,055-942-6102
935,웅천점,창원시 진해구 북부동 560-4 대풍연립 101,경상남도,055-545-1996
936,웅양점,경남 거창군 웅양면 웅양로 1428,경상남도,055-942-8858
937,용현점,경상남도 사천시 용현면 진삼로 626,경상남도,055-832-7772
938,용원점,경남 창원시 진해구 안골로298번길 26 푸르지오 상가 1동 104호,경상남도,055-552-1881
939,옥포점,경남 거제시 옥포동 546-18,경상남도,055-687-9292
940,옥수점,경남 거제시 능포동 717-2,경상남도,055-681-9252
941,안의점,경남 함양군 안의면 금천리 160-5,경상남도,055-962-0185
942,신월점,"경상남도 창원시 의창구 창이대로570번길 13-3, 1층 107호(신월동)",경상남도,055-264-9248
943,신반점,경남 의령군 부림면 신반리 168-9,경상남도,055-574-7709
944,수월점,"경상남도 거제시 수양로 494, 1층 101(일부)호(양정동)",경상남도,055-636-9297
945,수산점,경상남도 밀양시 하남읍 시서상가길 11,경상남도,055-391-5008
946,수동점,경남 함양군 수동면 화산리 1201-6,경상남도,055-963-2292
947,서포점,경남 사천시 서포면 구평리 640-5,경상남도,055-853-1168
948,서상점,경남 함양군 서상면 서상로 263,경상남도,055-963-8834
949,상봉점,경남 진주시 북장대로 81번길 11(상봉동),경상남도,055-746-9253
950,삼랑진점,경남 밀양시 삼랑진읍 만어로 8-4 1층,경상남도,055-351-2305
951,삼계점,창원시 마산회원구 내서읍 삼계리 637번지,경상남도,055-232-9222
952,삼가점,경남 합천군 삼가면 삼가중앙길 21-18,경상남도,055-932-9919
953,산호점,경상남도 창원시 마산합포구 산호남로 6(산호동),경상남도,055-245-0272
954,산청점,경상남도 산청군 산청읍 친환경로 2668,경상남도,055-973-7323
955,산복점,"경남 창원시 마산회원구 회원남로 14(회원동, 102호)",경상남도,055-245-5092
956,사파점,"경상남도 창원시 성산구 창이대로663번길 5, 102-1호(사파동,미남빌딩)",경상남도,055-267-8889
957,사곡점,"경상남도 거제시 사등면 두동로 30, 지하1층 206호(경남아너스빌상가)",경상남도,055-633-7060
958,부곡점,경남 창녕군 부곡면 온천중앙로 46,경상남도,055-536-7709
959,봉평점,"경상남도 통영시 데메4길 45, 1호(도남동,세인상가)",경상남도,055-644-9290
960,반지점,"창원시 성산구 원이대로393번길 17-1 (반지동,2층)",경상남도,055-237-9294
961,반림점,창원시 성산구 중앙동 74-6 1층 B호,경상남도,055-261-3266
962,문산점,경남 진주시 문산읍 소문리 153-77(1층),경상남도,055-761-2836
963,동천점,경남 남해군 삼동면 동부대로 1235,경상남도,055-867-7273
964,동마산점,창원시 마산회원구 구암남3길 13(구암동),경상남도,055-295-6422
965,대산점,경상남도 함안군 대산면 대산중앙로 214,경상남도,055-582-8521
966,대방점,"창원시 성산구 대정로 131 213(대방동,대방덕산타운상가 213호)",경상남도,055-275-9917
967,남해점,경남 남해군 남해읍 화전로78번길 17,경상남도,055-864-5894
968,남면점,경남 남해군 남면 남서대로 777,경상남도,055-862-7574
969,남.이동점,경남 남해군 이동면 무림로 81-1,경상남도,055-863-0840
970,남.고현점,경남 남해군 고현면 대사리 757-1,경상남도,055-863-0920
971,군북점,경남 함안군 군북면 중암리 60-1,경상남도,055-585-9200
972,구조라점,경남 거제시 일운면 구조라리 375,경상남도,055-681-9797
973,구암점,경상남도 창원시 마산회원구 구암북2길 6(구암동),경상남도,055-299-2450
974,공단점,경남 진주시 상평동 227 동국1차(아)상가 102,경상남도,055-758-3534
975,고현점,경상남도 거제시 거제중앙로27길 15(고현동),경상남도,055-635-7649
976,거창점,경남 거창군 거창읍 상림리 42-10,경상남도,055-944-4776
977,가호점,경남 진주시 가좌길 54 (가좌동),경상남도,055-757-9983
978,가음정점,창원시 성산구 남산동 601-1 창남상가 1층 108,경상남도,055-262-9912
979,가야점,경남 함안군 가야읍 도항리 95-1 1층,경상남도,055-583-8021
980,가곡점,경남 밀양시 가곡동 608-4,경상남도,055-354-1628
981,가고파점,경남 창원시 마산회원구 석전1동 262-2,경상남도,055-295-4027
982,소주동점,경상남도 양산시 대평들2길 17(주남동),경상남도,055-362-2918
983,명동점(양),경상남도 양산시 신명동 7길 56(명동),경상남도,055-362-3555
984,평산점,"경상남도 양산시 신명로 82, 107동 103호(평산동, 동일스위트1차)",경상남도,055-386-9994
985,덕계점,경상남도 양산시 덕계2길 20(덕계동),경상남도,055-363-9901
986,칠산점,경상남도 김해시 칠산로 399번길 8(화목동),경상남도,055-338-9982
987,무계점,"경상남도 김해시 장유로 301번길 3, 207호(무계동,청학프라자)",경상남도,055-322-8886
988,율하점,"경상남도 김해시 율하2로 123, 113동 106호(율하동,율현마을동원로얄듀크아파트1차상가)",경상남도,055-321-9288
989,갑오점,경남 김해시 장유면 대청리 332-4 대청프라자 A-218,경상남도,055-332-7891
990,주촌점,경남 김해시 주촌면 서부로 1499번길 21,경상남도,055-337-9240
991,진례1호점,경상남도 김해시 진례면 고모로 214,경상남도,055-345-9989
992,빙그레점,경남 김해시 한림면 김해대로 914(가동),경상남도,055-345-9957
993,진영신도시점,경남 김해시 진영읍 김해대로 365번길 18 105,경상남도,055-342-6080
994,명동점(김),경상남도 김해시 한림면 명동로 7,경상남도,055-345-2864
995,생림점,경상남도 김해시 생림면 생림대로 960,경상남도,055-323-3980
996,삼계점,경남 김해시 가야로30번길 17(삼계동),경상남도,055-332-9282
997,외동점,경남 김해시 외동 1246-3,경상남도,055-335-4455
998,부원점,경상남도 김해시 김해대로 2325번길 22 (부원동),경상남도,055-322-9290
999,어방점,"경상남도 김해시 활천로 214번길5,101호(어방동,송대아트빌라)",경상남도,055-327-8292
1000,삼방시장점,경상남도 김해시 삼안로 237(삼방동),경상남도,055-312-8255
1001,내원점,경남 양산시 하북면 용연리 510-4,경상남도,055-375-3692
1002,석계점,경상남도 양산시 상북면 상북중앙로 349,경상남도,055-374-7723
1003,대석리점,경상남도 양산시 상북면 대성2길 7,경상남도,055-375-3350
1004,어곡점,경남 양산시 어곡동 9-3 외 4 필지 로얄파크빌상가 B09호,경상남도,055-367-9298
1005,양산1호점,경남 양산시 북부동 428-8,경상남도,055-366-5592
1006,중부점,"경상남도 양산시 양주로 110,상가동 1층 106호(중부동,현대아파트)",경상남도,055-383-9133
1007,범어점,경남 양산시 물금읍 동중1길 28,경상남도,055-367-9494
1008,물금역점,경상남도 양산시 물금읍 황산로 355,경상남도,055-363-9285
1009,화도점,경기도 남양주시 화도읍 비룡로 331,경기도,031-593-0808
1010,마석점,경기도 남양주시 화도읍 마석로17번 안길 1-4,경기도,031-593-4045
1011,창현점,"경기도 남양주시 화도읍 경춘로창벌2길 12, 1층",경기도,031-592-1441
1012,평내점,경기 남양주시 평내동 142,경기도,031-591-0993
1013,평내2호점,경기도 남양주시 경춘로 1286 안길 3-5,경기도,031-595-8295
1014,도농점,"경기도 남양주시 경춘로 386, 1층(도농동)",경기도,031-555-6009
1015,별내점,경기도 남양주시 별내동 1023번지 104호,경기도,031-553-3311
1016,퇴계원점,경기도 남양주시 퇴계원면 퇴계원로 78번길 1,경기도,031-572-1999
1017,사능점,경기도 남양주시 진건읍 진건오남로 86번길 30,경기도,031-574-0505
1018,오남점,"경기도 남양주시 오남읍 진건오남로512번길 23, 110호~111호",경기도,031-513-9292
1019,내각점,경기도 남양주시 진접읍 내각2로 33,경기도,031-573-6221
1020,진접택지점,경기도 남양주시 진접읍 해밀예당로23로 121,경기도,031-573-9888
1021,장현산호점,경기도 남양주시 진접읍 금강로 1530-16(산호아파트상가 106호),경기도,031-571-5394
1022,광릉점,경기도 남양주시 진접읍 부평로 42(진접센트레빌시티),경기도,031-515-1092
1023,광적점,경기도 양주시 광적면 가래비길 67,경기도,031-836-9191
1024,은현점,경기도 양주시 은현면 선암리 335-1,경기도,031-867-6966
1025,남면점,경기도 양주시 남면 화합로 610번길 87,경기도,031-859-9592
1026,문산점,"경기도 파주시 문산읍 우계로 472, 1동 104호(두산위브상가)",경기도,031-953-9233
1027,야동점,경기도 파주시 창곡동길 47,경기도,031-943-9282
1028,금촌점,경기도 파주시 문화로 5 1동 1층,경기도,031-941-3060
1029,봉일천점,경기도 파주시 조리읍 봉천로 18,경기도,031-941-0444
1030,교하점,"경기도 파주시 청석로 334, 102호(다율동, 청석마을동문굿모닝힐상가)",경기도,031-946-9955
1031,운정점,"경기도 파주시 한울로84, 1층",경기도,031-946-0092
1032,가좌대화점,경기도 고양시 일산서구 가좌1로 73,경기도,031-921-9249
1033,SBS점,"경기도 고양시 일산서구 일현로128, 103호",경기도,031-919-9201
1034,구일산점,경기도 고양시 일산서구 고양대로 706-25,경기도,031-977-9270
1035,정발산점,경기도 일산동구 산두로 213번길,경기도,031-916-9043
1036,풍동점,경기도 고양시 일산동구 숲속마을1로 48번길 42 103호,경기도,031-904-8592
1037,백석점,"경기도 고양시 일산동구 장백로 59, 104호 (백석동,흰돌마을)",경기도,031-962-0903
1038,원당점,경기도 고양시 덕양구 마상로154번길 2(성사동),경기도,031-968-9892
1039,고양점,경기도 고양시 덕양구 혜음로 8 삼라마이다스프라자 112호,경기도,031-966-6692
1040,조리대원점,"경기도 파주시 조리읍 대원로 18, 105호",경기도,031-948-9299
1041,사리현점,경기도 고양시 일산동구 공릉천로 32,경기도,031-969-9555
1042,화정부영점,경기도 고양시 덕양구 화중로 220 달빛마을 ,경기도,031-968-3392
1043,별빛점,경기도 고양시 덕양구 화정동 화신로 2811,경기도,031-972-3392
1044,화정주공점,"경기도 고양시 덕양구 백양로 6, 17단지 상가 101호",경기도,031-938-0404
1045,가라뫼점,경기도 고양시 덕양구 행신로 311번길 16,경기도,031-978-9277
1046,원흥점,"경기도 고양시 덕양구 서삼릉1길 70, 1층일부(원흥동)",경기도,031-965-9292
1047,삼송리점,경기도 고양시 삼송로 185번길 4,경기도,02-381-1188
1048,구리점,경기도 구리시 원수택로 47-1,경기도,031-562-8292
1049,청학점,경기도 남양주시 별내면 청학로68번길 23-1 상가 101호,경기도,031-821-7766
1050,민락2호점,경기도 의정부시 오목로225번길 79-16 1층(민락동),경기도,031-853-8321
1051,민락점,경기도 의정부시 효자로 10-0 송산중앙 112호,경기도,031-852-9188
1052,금오점,경기도 의정부시 추동로94,경기도,031-847-9222
1053,의정부5호점,경기도 의정부시 경의로 86(의정부동),경기도,031-876-3737
1054,가능점,경기도 의정부시 호국로 1188,경기도,031-873-8666
1055,녹양점,경기도 의정부시 녹양로 62번길 31,경기도,031-874-5895
1056,산북점,경기도 양주시 평화로 1267번길 6,경기도,031-840-6277
1057,도곡점,경기도 남양주시 와부읍 도곡로 1032-1,경기도,031-577-2054
1058,단월점,경기도 양평군 단월면 보산정길 2,경기도,031-773-7000
1059,용문점,경기도 양평군 용문면 중앙1길 21,경기도,031-774-5420
1060,양평점,경기도 양평군 양평읍 홍천길 15-1,경기도,031-775-4355
1061,양수리점,경기도 양평군 양서면 목왕로 19-1 1층,경기도,031-772-7974
1062,설악점,"경기도 가평군 설악면 신천중앙로 137-1, 1층",경기도,031-585-1282
1063,청평점,경기도 가평군 청평면 청평중앙로 64,경기도,031-585-8960
1064,가평점,"경기도 가평군 가평읍 가화로 133, 1층",경기도,031-582-9191
1065,가평목동점,경기도 가평군 북면 화악산로 11,경기도,031-582-7114
1066,현리점,경기도 가평군 하면 청군로 1185,경기도,031-585-2567
1067,호원점,경기도 의정부시 호원동 454-14,경기도,031-871-7959
1068,장암점,"경기도 의정부시 동일로 466번길 70, 1층 106호(신곡동)",경기도,031-848-5592
1069,신곡점,경기도 의정부시 장금로78번길 49(신곡동),경기도,031-856-8286
1070,송우리점,경기도 포천시 소흘읍 태봉로 166번길 5,경기도,031-554-9696
1071,가산점,경기도 포천시 가산면 가산로 370,경기도,031-543-0575
1072,포천점,경기도 포천시 호병로 55,경기도,031-535-9292
1073,관인점,경기도 포천시 관인면 관인로 21,경기도,031-534-9555
1074,군남점,경기도 연천군 군남면 군남로 129,경기도,031-833-9292
1075,전곡점,경기도 연천군 전곡읍 밤골로 6,경기도,031-832-9942
1076,상패점,경기도 동두천시 상패로 186,경기도,031-865-1102
1077,동두천3호점,경기도 동두천시 장고갯로 267(보산동),경기도,031-865-1222
1078,동두천1호점,경기도 동두천시 지행로107번길 29(지행동),경기도,031-865-9994
1079,동두천2호점,"경기도 동두천시 동두천로63, 1층 102호(송내동, 상가동)",경기도,031-858-9252
1080,덕정점,경기도 양주시 덕정길 50 가-1 4필지,경기도,031-858-9297
1081,삼숭점,경기도 양주시 삼숭로38번길 102,경기도,031-846-9294
1082,월곶군하점,경기도 김포시 월곶면 군하리 170번지,경기도,032-997-1195
1083,대곶점,경기도 김포시 대곶면 송마리 3-18,경기도,031-984-9288
1084,대능,경기도 김포시 대곶면 대능리 150-1,경기도,031-997-9242
1085,구래,김포시 김포 한강9로 12번길 8-6 (구래동 6896-14),경기도,031-996-3392
1086,장기점,경기도 김포시 장기동 1407,경기도,031-989-9242
1087,사우북변,경기도 김포시 사우동 225-3 103호,경기도,031-983-9208
1088,풍무,경기도 김포시 풍무동 629 1층 103호,경기도,031-983-3889
1089,케이준 덕풍점,경기도 하남시 덕풍동 335-7번지,경기도,032-791-7942
1090,태평,경기도 평택시 고덕면 궁리 75,경기도,031-664-5548
1091,평택세교,경기도 평택시 세교2로 45 상가 109,경기도,031-656-9366
1092,장안점,경기도 평택시 추담로 58-78,경기도,031-665-8842
1093,현대,경기도 평택시 이충동 381 현대상가 103호,경기도,031-663-9959
1094,서정1호점,경기도 평택시 서정동 871-19,경기도,031-663-8892
1095,지산서정점,경기도 평택시 서정동 799-2,경기도,031-667-8253
1096,고현점,경기도 오산시 고현동 17,경기도,031-378-8292
1097,누읍점,경기도 오산시 누읍로 20,경기도,031-373-9282
1098,궐동,경기도 오산시 궐동 673-1 1층 (616-6),경기도,031-372-8998
1099,오산세교점,경기도 오산시 수청동589-2,경기도,031-378-6606
1100,은계,경기도 오산시 은계동 33-3,경기도,031-377-9245
1101,금호,"경기도 수원시 권선구 금호로 285,2층(호매실동)",경기도,031-891-1515
1102,서수원,경기도 수원시 권선구 구운동 525-4,경기도,031-291-7885
1103,송죽조원,경기도 수원시 장안구 송죽동 500,경기도,031-245-6966
1104,화서,경기도 수원시 팔달구 화서동 184-348,경기도,031-247-5754
1105,권선,경기도 수원시 권선동 1028-6번지,경기도,031-222-8202
1106,곡반정,경기도 수원시 권선구 곡반정동 569-16,경기도,031-235-9282
1107,매탄,경기도 수원시 영통구 매탄동 196-79,경기도,031-212-2457
1108,광교점,경기도 수원시 영통구 법조로 149번길 190,경기도,031-215-9282
1109,흥덕,경기도 수원시 영통구 삼성로 320번길 35 101-102,경기도,031-217-9283
1110,오목천,경기도 수원시 권선구 오목천동 472-40,경기도,031-227-1033
1111,기안,경기도 화성시 기안동 355-16,경기도,031-224-5646
1112,봉담,경기도 화성시 봉담읍 상리15-10,경기도,031-227-0052
1113,동탄2점,경기도 화성시 지산1길 22-1 103호(영천동),경기도,031-378-6644
1114,동탄1호점,경기도 화성시 동탄 반송3길 50-7. 1층(반송동),경기도,031-613-9924
1115,병점점,경기도 화성시 병점3로 157 상가 106,경기도,031-222-7292
1116,반도체,경기도 화성 태안 반월 360-8,경기도,031-202-2374
1117,신영통점,경기도 용인시 기흥구 서그내로 21(서천동),경기도,031-206-9266
1118,영통,"경기도 수원시 영통구 청면남로50번길 24, 101",경기도,031-202-9966
1119,남양,경기도 화성시 남양동 547,경기도,031-357-9980
1120,팔탄,경기도 화성시 팔탄면 서촌길 16,경기도,031-352-6787
1121,서근리,"경기도 화성시 팔탄면 버들로 1374(서근리), 1층",경기도,031-352-0787
1122,안중점,경기도 평택시 안중읍 안중로18번길 2-19,경기도,031-681-9688
1123,향남점,"경기도 화성시 향남읍 행정동로 86, 103호",경기도,031-354-9124
1124,발안점,경기도 화성시 향냠읍 평리 101-9,경기도,031-353-0015
1125,왕림점,경기도 화성시 봉담읍 왕림 405-1,경기도,031-298-6196
1126,성남태평,경기도 성남시 수정구 태평동 2359,경기도,031-755-9990
1127,금광,경기도 성남시 중원구 금광동 4314 104호,경기도,031-732-9229
1128,상대원,경기도 성남시 중원구 상대원동 1132,경기도,031-604-0123
1129,수지상현점,경기도 용인시 상현동 859 롯데아파트상가 116호,경기도,031-266-9292
1130,성남점,경기도 성남시 수정구 성남대로 1180번길 5-1(수진동),경기도,031-754-3384
1131,야탑점,경기도 성남시 분당구 야탑로 153번길 9- 103호(야탑동),경기도,031-709-1577
1132,동판교,경기도 성남시 분당구 동판교로 52번길 9-3(백현동),경기도,031-704-9222
1133,서현분당,"경기도 성남시 분당구 분당로 212, 상가동 102호(분당동, 샛별마을)",경기도,031-703-9285
1134,케이준 분당정자점,경기도 성남시 분당구 내정로 119번길 36(정자동1층),경기도,031-719-2443
1135,구미금곡점,경기도 성남시 분당구 미금일로 81,경기도,031-713-9288
1136,휘닉스파크점,"강원도 평창군 봉평면 태기로 30, A동 2층 101호(아벨라상가)",강원도,033-333-1114
1137,횡계점,강원도 평창군 대관령면 횡계리 321-12,강원도,033-335-5232
1138,화촌점,강원도 홍천군 화촌면 성산로134번길 15,강원도,033-432-8216
1139,화천점,강원도 화천군 화천읍 중앙로 26-2,강원도,033-441-6791
1140,홍천점,강원도 홍천군 홍천읍 꽃뫼로 137,강원도,033-433-5392
1141,호산점,강원도 삼척시 원덕읍 호산2길 67-1,강원도,033-572-9095
1142,현리점,강원도 인제군 기린면 덕다리길 8,강원도,033-461-5406
1143,혁신점,"강원도 원주시 양지로 160-2, 107호(반곡동, 부영A상가)",강원도,033-746-0909
1144,학성점,"강원도 원주시 학성길 46, 상가동 1층 103호(학성동, 삼천리아파트)",강원도,033-744-2101
1145,퇴계점,강원도 춘천시 행촌로32번길 16(퇴계동),강원도,033-256-5149
1146,태장소초점,강원도 원주시 소초면 치악로 2355,강원도,033-732-0095
1147,태장1점,강원도 원주시 현충로 148(태장동),강원도,033-745-8800
1148,태백점,"강원도 태백시 황지로 44. 107호(황지동, 우남연립)",강원도,033-553-4560
1149,천도리점,강원도 인제군 서화면 천도로 133-1,강원도,033-462-0990
1150,천곡점,강원도 동해시 감추로 16(천곡동),강원도,033-533-5999
1151,중동점,강원도 영월군 중동면 태백산로 1199,강원도,033-378-2200
1152,주천점,강원도 영월군 주천면 주천면 주천로84번길 1,강원도,033-372-9262
1153,조양점,"강원도 속초시 새마을길 5, 1층(조양동)",강원도,033-632-7111
1154,정선점,강원도 정선군 정선읍 비봉로 58-1,강원도,033-562-7447
1155,정선남면점,강원도 정선군 남면 문은단로 3,강원도,033-592-8288
1156,정동진점,강원도 강릉시 강동면 정동3길 46-4,강원도,033-644-5831
1157,임원점,강원도 삼척시 원덕읍 임원중앙로 37,강원도,033-573-6334
1158,일산점,"강원도 원주시 무실로 50(일산동, 지상1층)",강원도,033-731-5688
1159,인제점,강원도 인제군 인제읍 비봉로16번길 5,강원도,033-461-1666
1160,원통점,강원도 인제군 북면 원통로147번길 32,강원도,033-461-3269
1161,우산점,강원도 원주시 우산동 90-3번지,강원도,033-748-2777
1162,장호용화점,강원도 삼척시 근덕면 삼척로 2127,강원도,033-573-1239
1163,용대리점,"강원도 인제군 북면 미시령로 1150, 1층",강원도,033-462-9333
1164,오크밸리점,"강원도 원주시 지정면 오크밸리1길 70, 1층(빌리지센타)",강원도,033-730-3737
1165,양양점,강원도 양양군 양양읍 남문7길 5,강원도,033-671-4743
1166,양양동호점,강원도 양양군 손양면 선사유적로 316-20,강원도,033-672-6787
1167,양덕원점,강원도 홍천군 남면 양덕원2길 30,강원도,033-432-0880
1168,양구점,강원도 양구군 양구읍 사명길 66,강원도,033-481-9998
1169,아야진점,강원도 고성군 토성면 아야진리 49-3,강원도,033-631-1130
1170,쌍용점,강원도 영월군 한반도면 쌍용로 82-1,강원도,033-372-5261
1171,신남점,강원도 인제군 남면 신남로48번길 19,강원도,033-461-8295
1172,시동점,강원도 홍천군 남면 시동안로 321,강원도,033-432-0939
1173,수타사점,강원도 홍천군 동면 속초길 6,강원도,033-436-9992
1174,석사점,강원도 춘천시 효석로67번길 18-1(석사동),강원도,033-262-6592
1175,서화점,강원도 인제군 서화면 금강로 1777-1,강원도,033-463-4855
1176,서원점,강원도 횡성군 서원면 서원로 144-2,강원도,033-342-2224
1177,서면점,강원도 홍천군 서면 팔봉산로 1180,강원도,033-434-5605
1178,북방점,강원도 홍천군 북방면 영서로 2706,강원도,033-434-8824
1179,부영점,강원도 속초시 조양로 142번길 15(조양동),강원도,033-635-0605
1180,부안점,강원도 춘천시 보안길 42(후평동),강원도,033-251-1677
1181,봉포점,강원도 고성군 토성면 토성로 65,강원도,033-635-7575
1182,미탄점,강원도 평창군 미탄면 미탄중앙로 42,강원도,033-334-1105
1183,명륜점,"강원도 원주시 남원로527번길 66, 1층 (명륜동)",강원도,033-762-7778
1184,마차점,강원도 영월군 북면 마차중앙1길 39-1,강원도,033-372-3940
1185,둔내점,강원도 횡성군 둔내면 경강로둔방6길 8,강원도,033-344-5885
1186,동해본점,"강원도 동해시 해안로 635-4, 1층(발한동)",강원도,033-533-9383
1187,동면점,강원도 양구군 동면 금강산로 1554,강원도,033-481-7130
1188,단관점,"강원도 원주시 단관길 177-9(관설동, 1층)",강원도,033-766-9266
1189,단계점,강원도 원주시 북원로2246번길 45(단계동),강원도,033-731-0101
1190,내면점,강원도 홍천군 내면 창촌로 33-1,강원도,033-432-1763
1191,남양점,"강원도 삼척시 중앙시장길 68-26(남양동, 단층일부)",강원도,033-574-4582
1192,남부점,강원도 춘천시 공지로 354(효자동),강원도,033-254-3503
1193,남면점,강원도 양구군 남면 삼팔선로 10,강원도,033-481-2521
1194,금호점,강원도 속초시 중앙로121번길 6(금호동),강원도,033-633-2239
1195,근덕점,강원도 삼척시 근덕면 교가길 22-9,강원도,033-573-9293
1196,구곡점,"강원도 원주시 늘품로 8, 101호(단구동)",강원도,033-762-8989
1197,교동점,강원도 속초시 교동 먹거리4길 33(교동),강원도,033-632-3370
1198,계촌점,강원도 평창군 방림면 계촌길 58,강원도,033-333-9950
1199,거두점,강원도 춘천시 동내면 거두택지길 32(1층),강원도,033-261-0552
1200,강현점,강원도 양양군 강현면 물치천로 12,강원도,033-671-4201
1201,강릉교동점,"강원도 강릉시 율곡초교길39번길 18, 1층(교동)",강원도,033-648-9911
1202,강대점,"강원도 춘천시 서부 대성로 182-1, 1층(효자동)",강원도,033-251-7782
1203,김화점,강원도 철원군 김화읍 김화로 635,강원도,033-458-5572
1204,문혜리점,강원도 철원군 갈말읍 두루미로 100-1,강원도,033-452-5592
1205,칠금봉방점,충북 충주시 연수동 1245,충청북도,043-853-9288
1206,청전점,충북 제천시 숭문로20길 26(의림동),충청북도,043-648-9222
1207,지현점,충북 충주시 사직산8길 22(지현동),충청북도,043-852-9991
1208,제천A점,"충북 제천시 숭의로1길 2, 1층(화산동)",충청북도,043-642-6992
1209,이류점,충북 충주시 대소원면 대소원1길 21,충청북도,043-851-9289
1210,연수점,충북 충주시 금릉동 708-2,충청북도,043-845-9201
1211,수안보점,충북 충주시 수안보면 장터1길 19,충청북도,043-848-7278
1212,부강점,충북 충주시 교현동 1087,충청북도,043-843-5163
1213,금가점,충북 충주시 금가면 강수로 335,충청북도,043-853-9191
1214,광혜원점,충청북도 음성군 대소면 대청로 15 ,충청북도,043-535-9998
1215,금천점,충청북도 청주시 상당구 수영로259번길 64 ,충청북도,043-257-5853
