,0,1
0,가경동점,충청북도 청주시흥덕구 풍산로 103(복대동)
1,가남점,경기도 여주시 가남면 태평중앙1길 8-6
2,가래비점,경기도 양주시 광적면 가래비길 24
3,가마점,"충청북도 청주시서원구 남이면 청남로 1827-25, 1층"
4,가수원점,대전광역시 서구 가수원동 774-18
5,가양동점,"서울특별시 강서구 양천로57길 10-11, 101-1호 (가양동, 이스타빌2차)"
6,가오점,대전광역시 동구 가오동 533
7,가운점,경기도 남양주시 가운로2길 63 가운동삼원프라자 105호
8,가장점,대전광역시 서구 가장동 40-40
9,가정지구1점,인천광역시 서구 봉오재2로 37 104호
10,가좌3점,인천광역시 서구 가석로156번길 23-1
11,가평역전점,경기도 가평군 가평읍 굴다리길 13
12,가평점,경기도 가평군 가평읍 가화로 125-1
13,가흥점,경상북도 영주시 가흥동 530 시영상가 나동 102호
14,각화주공점,광주광역시 북구 각화동 202번지 주공@상가 107호
15,간성점,강원도 고성군 간성읍 간성로 45
16,간현점,강원도 원주시 지정면 간현로 188
17,갈곶원동점,경기도 오산시 오산로 68(갈곶동)
18,갈마점,대전광역시 서구 갈마로 60(갈마동)
19,갈산점,인천광역시 부평구 갈산동 364-4
20,갈산점(이천),"경기도 이천시 갈산로 81(갈산동, 102)"
21,갈산점(홍성),충청남도 홍성군 갈산면 상촌리 243-12
22,감곡점,충청북도 음성군 감곡면 장감로 142
23,감삼점,대구광역시 달서구 두류3동 630-1
24,강경점,충청남도 논산시 강경읍 대흥리 19-3
25,강구점,경상북도 영덕군 강구면 강구리 453번지
26,강남구청점,서울특별시 강남구 삼성로119길 41. 1층(삼성동)
27,강남대점,경기도 용인시기흥구 강남동로 114번길 22
28,강남점,대구광역시 동구 신암로16길 2
29,강릉교동점,강원도 강릉시 강릉대로 269 (교동)
30,강릉대점,강원도 강릉시  율곡초교길39번  23(교동)
31,강릉서부점,강원도 강릉시 임영로 170-3(임당동)
32,강릉옥계점,강원도 강릉시  옥계면 현내시장길 59
33,강릉옥천동점,강원도 강릉시  경강로 2166
34,강릉유천점,강원도 강릉시  선수촌로 63번길 5 우미린상가106
35,강북점,대구광역시 북구 읍내동 803-1
36,강상점,"경기도 양평군 강상면 강남로 922, 107호"
37,강서점,충청북도 청주시흥덕구 가로수로1154 5-12(강서동)
38,강선점,경기도 고양시일산서구 강선로 67번지 유원상가 103호
39,강진점,전라남도 강진군 강진읍 탐진로 76-1
40,강화1점,인천광역시 강화군 강화읍 강화대로403번길 5
41,강화2점,인천광역시 강화군 강화읍 남산리 39-1
42,개군점,경기도 양평군 개군면 하자포길 35
43,개금점,부산광역시 부산진구 개금3동 18
44,개봉1점,"서울특별시 구로구 개봉로11길 13, 1층 3호(개봉동)"
45,개신점,충청북도 청주시서원구 장구봉로 130 1층
46,개운점,강원도 원주시 송림길 48-10(개운동)
47,개포2점,서울특별시 강남구 선릉로6길 12. 1층(개포동)
48,개포3점,서울특별시 강남구 개포로22길 23. 지상1층(개포동)
49,거모점,경기도 시흥시 도일로 100-3
50,거제상동점,"경상남도 거제시 상동1길 15-9(상동동, 320동 103호)"
51,거진점,강원도 고성군 거진읍 거탄진로 117
52,거창점,경상남도 거창군 거창읍 중앙로 52-1
53,건등점,"강원도 원주시 문막읍 왕건로 96, 지하1층"
54,건영점,경기도 고양시일산서구 성저로 110번지
55,건천점,"경상북도 경주시 건천읍 내서로 1126, 101"
56,검암경서점,인천광역시 서구 검암동 643-2 우주프라자 104
57,경기송산점,경기도 화성시 수노을1로191 상가3동 105호
58,경남고성점,경상남도 고성군 고성읍 송학리 263-7
59,경남금산점,경상남도 진주시 금산면 금산로 101
60,경남단계점,경상남도 산청군 신등면 신등가회로 15
61,경남사천점,경상남도 사천시 사천읍 정의1길 16
62,경남양산점,경상남도 양산시 중앙로 111 1층
63,경복점,"서울특별시 강남구 봉은사로43길 8, 1층 102호(논현동)"
64,경안점,경기도 광주시 중앙로 179 (송정동)
65,경포대점,강원도 강릉시  해안로 501 
66,계산1점,인천광역시 계양구 계산2동 933-25
67,계양1동점,인천광역시 계양구 황어로115번길 10
68,고강1점,경기도 부천시오정구 원종동 238-10
69,고강2점,경기도 부천시오정구 고강동 399
70,고담리점,경기도 이천시 대월면 대산로288번길 72
71,고대점,충청남도 당진시 고대면 고대로 47
72,고덕역점,서울특별시 강동구 고덕1동 643-2
73,고덕점,충청남도 예산군 고덕면 용고길 353
74,고매리점,경기도 용인시기흥구 고매동 722-2
75,고북점,충청남도 서산시 고북면 기포리 300-2
76,고색점,"경기도 수원시권선구 매송고색로 687, 1층"
77,고은점,충청북도 청주시상당구 남일면 단재로 730-1
78,고잔2점,경기도 안산시단원구 고잔동 733-1 104
79,고잔점,경기도 안산시단원구 고잔동 612 문화연립상가동 110
80,고척동점,서울특별시 구로구 고척2동 164-41
81,고천점,"경기도 의왕시 효행로 44(오전동, 의왕빌딩3호)"
82,고한점,강원도 정선군 고한읍 고한로 151-1
83,곡반정점,"경기도 수원시권선구 곡선로50번길 48/107(곡반정동,현대@상가)"
84,곤명점,경상남도 사천시 곤명면 정곡리 843-9
85,곤지암점,"경기도 광주시 곤지암읍 곤지암로50번길, 25"
86,공덕동점,서울특별시 마포구 공덕동 111-187
87,공덕역점,"서울특별시 마포구 마포대로11길 75 102 (공덕동, 공덕현대아파트상가)"
88,공도점,경기도 안성시 공도읍 고무다리길 10-1
89,공릉철길공원점,서울특별시 노원구 동일로184길 69. 1층(공릉동)
90,공성점,경상북도 상주시 공성면 옥산리 290-8
91,공주산성동점,충청남도 공주시 산성찬호길 1(산성동)
92,공주중동점,충청남도 공주시 웅진로 140(중동)
93,과학단지점,충청북도 청주시청원구 오창읍 오창중앙로 94
94,관기점,충청북도 보은군 마로면 관기송현로 95-1
95,관산점,경기도 고양시덕양구 통일로802번길 71
96,관양1점,경기도 안양시동안구 관양동 1397-1 1층 101
97,관음점,대구광역시 북구 관음동 1319-11
98,관저1점,대전광역시 서구 관저동 981 원앙쇼핑109호
99,관저2점,대전광역시 서구 관저동 1137-1 구봉5단지상가 103호
100,광교점,"경기도 수원시영통구 대학1로 8번길 59, 1층103호(이의동)"
101,광나루점,"서울특별시 광진구 아차산로78길 165, 1층 102호(광장동)"
102,광릉내점,경기도 남양주시 진접읍 광릉내로 83
103,광명1점,경기도 광명시 오리로 937
104,광명2점,경기도 광명시 광명동 348-20
105,광명역점,"경기도 광명시 신기로17번길 6, 1층102호(일직동,케이스퀘어)"
106,광산점,광주광역시 광산구 송정동 792-14
107,광안점,부산광역시 수영구 무학로33번길 55
108,광양점,전라남도 광양시 광양읍 인서중앙길 43
109,광장동점,서울특별시 광진구 구의동 203-24
110,광주점,경기도 광주시 문화로 6(역동)
111,광주지사,   
112,광천점,충청남도 홍성군 광천읍 광천리 244-7
113,광탄점,경기도 파주시 광탄면 혜음로 1127-1
114,광혜원점,충청북도 진천군 광혜원면 화랑5길 8
115,괘법점,부산광역시 사상구 광장로37번길 71
116,괴산점,"충청북도 괴산군 괴산읍 읍내로11번길, 8-5"
117,괴안1점,"경기도 부천시소사구 부광로8번길 39,104(괴안동)"
118,괴정1점,대전광역시 서구 괴정동 130-3
119,교대앞점,강원도 춘천시 공지로 111 
120,교대역점,서울특별시 서초구 서초동 1640-1 1층
121,교하신도시점,경기도 파주시 숲속노을로 300
122,구곡현대점,강원도 원주시 남원로 492-14(단구동1576-3)
123,구래점,경기도 김포시 김포한강9로 121
124,구례점,전라남도 구례군 구례읍 중앙로 35
125,구로2동점,서울특별시 구로구 구로2동 726-32
126,구리남점,경기도 구리시 안골로20번길 28
127,구미송정점,경상북도 구미시 송정동 465-1
128,구미옥계점,경상북도 구미시 흥안로1길 6-3
129,구반월점,경기도 안산시상록구 건건동 632-4 1층
130,구산점,경상남도 김해시 구산로 32-1
131,구성마북점,경기도 용인시기흥구 연원로 5(마북동)
132,구암점,전라북도 군산시 서당길 11(구암동)
133,구운점,"경기도 수원시권선구 구운로32, 1층(구운동)"
134,구월1동점,인천광역시 남동구 구월동 1217-2 103호
135,구의동점,서울특별시 광진구 자양로 322 (구의동)
136,구포점,부산광역시 북구 구포동 391-9
137,군남점,경기도 연천군 군남면 군남로 115
138,군산금호점,전라북도 군산시 나운동 489 금호타운상가 108
139,군위점,경상북도 군위군 군위읍 서부리 57-1
140,군자11점,경기도 안산시단원구 선부동 1078-4 가동상가 110
141,군포당동점,"경기도 군포시 군포로510번길 25(당동, 당동누리에뜰해밀제1층118호)"
142,궁동점(대전),대전광역시 유성구 궁동 404-7
143,권선점,경기도 수원시권선구 세권로 181번 13(권선동)
144,궐동대우점,경기도 오산시 청학로 173번길 18(수청동)
145,근화점,전라남도 목포시 산정로 268-3
146,금곡점,경기도 남양주시 금곡로 49
147,금산2점,충청남도 금산군 금산읍 중도리 391-4
148,금암점,전라북도 전주시덕진구 조경단로 44
149,금오점,경기도 의정부시 금신로 398
150,금왕점,충청북도 음성군 금왕읍 탑골길 18
151,금장점,경상북도 경주시 현곡면 금장리 410 삼성APT상가 나동 103
152,금촌주공점,경기도 파주시 가나무로 103
153,금호동점,광주광역시 서구 금호동 815 호반리젠시빌 상가
154,금호로타리점,서울특별시 성동구 무수막길 89-2
155,금호역점,서울특별시 성동구 금호동3가 1394-3
156,기계점,경상북도 포항시북구 기계면 현내리 407-3번지
157,기아점,경기도 광명시 소하동 1236-7
158,기업도시점(원주),강원도 원주시 지정면 신지정로295
159,기업도시점(충주),충청북도 충주시 중앙탑면 원앙9길 15 
160,기장점,부산광역시 기장군 기장읍 대라리 129-1
161,기지시점,충청남도 당진시 송악읍 기지시리 161-1
162,길동3점,"서울특별시 강동구 천호대로185길 89(길동, 1층)"
163,길음점,서울특별시 성북구 길음로 74 길음뉴타운5단지 2-105
164,김해내동점,경상남도 김해시 평전로 154(내동)
165,김해중앙점,경상남도 김해시 부원동 603-7
166,까치산점,서울특별시 강서구 화곡8동 342-7 1층 102
167,꼬꼬점,경상북도 포항시북구 칠성천길 98
168,꿈.연화점,경기도 부천시원미구 옥산로 86
169,낙성대1점,서울특별시 관악구 봉천11동 1642-7
170,난곡점,서울특별시 관악구 문성로16가길 43
171,남목점,울산광역시 동구 동해안로 40-2(동부동)
172,남부점,강원도 원주시 남원로 617-2(명륜동)
173,남양주도곡점,경기도 남양주시 와부읍 덕소로 194-14
174,남원노암점,"전라북도 남원시 노암동 260, 한신아파트상가 102호"
175,남원점,제주특별자치도 서귀포시 남원읍 남원리 100-1
176,남중·모현점,"전라북도 익산시  고현로14길 53, 1층"
177,남창덕신점,울산광역시 울주군 온양읍 대안리 411-4
178,남촌점,경기도 오산시 성호대로 24-1(오산동)
179,남해점,경상남도 남해군 남해읍 서변리 149-1
180,내곡동점,강원도 강릉시 관대길 70
181,내동2점,대전광역시 서구 내동 160-19
182,내동점,경기도 부천시오정구 삼작로96번길 21(내동 19-12)
183,내면점,강원도 홍천군 내면읍 창촌로 48
184,내손동점,"경기도 의왕시 계원대학로 26, 201호 (내손동, 주영프라자)"
185,내포1점,충청남도 홍성군 홍북면 애향2길 2
186,노암점,강원도 강릉시 노가니길 1(노암동)
187,노은반석점,"대전광역시 유성구 노은서로266번 77, 104호(지상1층)"
188,노학점,강원도 속초시 교동로  55(교동)
189,녹양점,"경기도 의정부시 비우로20번길 29(가능동,지상1층)"
190,논산2점,충청남도 논산시 취암동 610-2
191,논산대교점,충청남도 논산시 대교동 250-14
192,논산주공점,"충청남도 논산시 논산대로 348번길 7, 상가-101(취암동,주공아파트)"
193,논현동점,"서울특별시 강남구 강남대로128길 27(논현동, 지상1층 102호)"
194,농암점,경상북도 문경시 농암면 청암2길 10
195,능곡점,경기도 고양시덕양구 토당로78번길 7-10(토당동)
196,능주점,전라남도 화순군 능주면 죽수길50
197,다운점,울산광역시 중구 다운동 505-4
198,다인점,경상북도 의성군 다인면 서릉길 59
199,단계점,강원도 원주시 원문로 85 1층(학성동)
200,단계택지점,강원도 원주시 금불3길 34(단계동)
201,단관점,강원도 원주시 단관길 163(관설동)
202,단구점,강원도 원주시 치악로 1629 (단구동)
203,단월동점,경기도 이천시 단월로 29(단월동)
204,달동1점,울산광역시 남구 달동 1329-9
205,달동2점,"울산광역시 남구 번영로107번길 3, 203(달동, 주공아파트)"
206,달전점,경상북도 포항시북구 흥해읍 도음로877번길 9 삼도미래타운106-106
207,답십리점,"서울특별시 동대문구 전농로3길 52-2, 1층(답십리동)"
208,당감점,부산광역시 부산진구 당감동 739-10
209,당북점,경상북도 안동시 대안로 65-2
210,당산동점,서울특별시 영등포구 영중로 114 (영등포동8가)
211,당수동점,경기도 수원시권선구 당진로 14번길 57 상가 105(당수동)
212,당진1점,충청남도 당진시 당진중앙2로 54-5
213,당진2점,충청남도 당진시 무수동로 195
214,당진3점,충청남도 당진시 원당로 55(원당동)
215,당진신평점,충청남도 당진시 신평면 신평로 827
216,대강점,충청북도 단양군 대강면 대강로 59-1
217,대고점,"대전광역시 중구 테미로 31-1(대흥동, 1층)"
218,대광리점,경기도 연천군 신서면 도대로 3번길 33호
219,대구고성점,대구광역시 서구 원대로13길 16
220,대구남산점,대구광역시 중구 남산로2길 13(남산동)
221,대구대명점,대구광역시 남구 두류공원로17길 48 (지하1층)
222,대구상동점,대구광역시 수성구 중동 502-3
223,대구서문점,대구광역시 서구 비산동 280-8
224,대구송정점,대구광역시 동구 반야월로 379(신서동)
225,대구신당점,대구광역시 달서구 신당동 1808-5
226,대구지사,   
227,대구지산점,대구광역시 수성구 용학로35길 17
228,대림동산점,경기도 안성시 공도읍 양기리567-1
229,대림역점,서울특별시 구로구 구로중앙로8길 17
230,대림점,서울특별시 영등포구 대림로34길 14-1
231,대명계대점,대구광역시 남구 대명동 1899-2
232,대방동점,서울특별시 동작구 대방동 23-128
233,대봉점,대구광역시 중구 대봉동 121-241
234,대산점,충청남도 서산시 대산읍 대산리 214-10
235,대소점,충청북도 음성군 대소면 오태로99번길 12-4
236,대송점,울산광역시 동구 화정동 164-11
237,대신점,경기도 여주시 대신면 여양로 1456-4
238,대연점,부산광역시 남구 천제등로28번길 50
239,대우점,인천광역시 부평구 산곡동 26-44 1층
240,대전용문점,대전광역시 서구 괴정동 425-16
241,대전지사,   
242,대전터미널점,대전광역시 동구 동서대로1695번길 106
243,대조동점,서울특별시 은평구 역말로9길 40-1. 1층(대조동)
244,대진점,강원도 고성군 현내면 한나루로 112-1
245,대천해수욕장점,충청남도 보령시 해수욕장4길 68(신흑동)
246,대치동점,서울특별시 강남구 남부순환로 2917 (1층 108호)
247,대학로점,강원도 삼척시 대학로 45(당저동)
248,대화장성점,경기도 고양시일산서구 호수로 838번지 22
249,대화점(강원),강원도 평창군 대화면 대화3길 46
250,덕산점,충청북도 진천군 덕산면 덕금로 809
251,덕절리점,경기도 화성시 정남면 발안로 1177
252,덕정점,경기도 양주시 덕정길 23
253,덕천점,경기도 안양시만안구 덕천로128번길 18(안양동)
254,덕풍동점,"경기도 하남시 신장동 430-7 성원쌍떼빌 104호, 105호"
255,도고점,충청남도 아산시 도고면 신언리 96-10
256,도구점,경상북도 포항시남구 동해면 일월로 116
257,도당점,경기도 부천시원미구 도당동 284-15 1층
258,도련점,"제주특별자치도 제주시 삼봉로 115, 미듬하나로맨션상가 103"
259,도림주공점,인천광역시 남동구 논고개로 299
260,도립대점,강원도 강릉시  주문진읍 연주로 261-1
261,도마점,대전광역시 서구 도마1동 129-30
262,도봉점,"서울특별시 도봉구 도봉로164길 10(도봉동, 1층)"
263,도안지구점,대전광역시 유성구 원신흥남로11번 6-22 (102호)
264,도영점,강원도 원주시 남원로 527번길 6-34(명륜동)
265,도평점,경기도 광주시 초월읍 현산로 89-6
266,도화동점,서울특별시 마포구 도화동 268
267,독립문점,서울특별시 종로구 통일로 222(교북동)
268,독산1점,"서울특별시 금천구 가산로 80-2, 지상1층(독산동)"
269,독산3점,서울특별시 금천구 독산로 319 (독산동)
270,동광양점,전라남도 광양시 중마로 201
271,동대동점,충청남도 보령시 작은오랏2길 60-6
272,동두천역전점,경기도 동두천시 생연로 120
273,동두천터미널점,경기도 동두천시 중앙로265번길 15(생연동)
274,동명동점,강원도 속초시 번영로105번길 19(동명동)
275,동명점,경상북도 칠곡군 동명면 봉암1길 7
276,동보점,강원도 원주시 진광길 30(우산동)
277,동삼점,부산광역시 영도구 태종로 688-2(동삼동)
278,동송점,강원도 철원군 동송읍 금학로 232
279,동아점,경기도 고양시일산동구 강송로 196 동아아파트상가 1-3
280,동암남점,인천광역시 부평구 경인로701번길 43 1층
281,동인점,대구광역시 중구 동인동3가 238-2
282,동천동점,경기도 용인시수지구 고기로45번길 58 동문그린아파트 상가101호
283,동천점,경상북도 경주시 탈해로47번길 6-4
284,동촌점,대구광역시 동구 검사동 960-170
285,동탄1점,"경기도 화성시 동탄지성로 150-9(능동,상가101호)"
286,동탄2점,경기도 화성시 동탄면 중리 동탄청계로 303-14
287,동탄반송점,"경기도 화성시 노작로3길 22,1층 일부호(반송동)"
288,동탄영천점,경기도 화성시 동탄대로24가길 27 상가103호
289,동해점,강원도 동해시 천곡2길 4(천곡동)
290,두구동점,부산광역시 금정구 두구동 230-3
291,두정점,"충청남도 천안시서북구 부성6길 23(두정동, 중앙프라자상가105호)"
292,두호점,경상북도 포항시북구 두호동 205-26
293,둔덕점,전라남도 여수시 만성로 18
294,둔산1점,대전광역시 서구 둔산동 1809  국화동성@상가 202호
295,둔산2점,대전광역시 서구 둔산3동 1972번지
296,등촌제일점,서울특별시 강서구 등촌1동 641-12
297,뚝섬점,서울특별시 광진구 능동로3가길 4(자양동)
298,레이크타운점,경기도 안산시단원구 광덕1로 195
299,마석점,"경기도 남양주시 화도읍 비룡로 185-20, 210(삼진상가2층)"
300,마송점,경기도 김포시 통진읍 조강로 49
301,마전역점,인천광역시 서구 마전동 999-4
302,마전점,충청남도 금산군 추부면 마전리 567-12
303,마천1점,서울특별시 송파구 마천로61길 9(마천동)
304,마평리점,경기도 용인시처인구 금령로 129(마평동)
305,만년점,대전광역시 서구 만년로16번길 27(만년동)
306,만수1점,인천광역시 남동구 만수서로 97-17(만수동 1층)
307,만수3점,인천광역시 남동구 만수동 861 1층
308,만수삼환점,인천광역시 남동구 소래로669번길 30 106호
309,만수주공점,인천광역시 남동구 장승남로34번길 22 상가 111호
310,만촌점,대구광역시 수성구 만촌동 963-4
311,망상점,"강원도 동해시  동해대로 6270-16, 1층 111호(망상동)"
312,망우동점,서울특별시 중랑구 망우3동 444-26
313,망원동점,서울특별시 마포구 망원2동 475-42
314,매산점,경기도 수원시팔달구 갓매산로26번길 24
315,매송점,경기도 화성시 매송면 화성로 2358번길 37
316,매탄점,경기도 수원시영통구 동수원로514번 15 103호
317,매화동점,경기도 시흥시 매화1로 21
318,매화목련점,경기도 성남시분당구 양현로 539. 매화근린상가1층 104
319,면목1점,"서울특별시 중랑구 면목천로19길 16, 1층(면목동)"
320,명곡점,대구광역시 달성군 화원읍 설화리 779-1
321,명보점,충청북도 제천시 용두천로 112(남천동)
322,명일점,서울특별시 강동구 동남로67길 44(명일동)
323,모가점,경기도 이천시 모가면 진상미로 1257(성광주택)
324,모산점,충청남도 아산시 배방면 공수리 63-24
325,모슬포점,제주특별자치도 서귀포시 대정읍 상모대서로 25
326,모현점,경기도 용인시처인구 모현면 외대로 36
327,목감점,경기도 시흥시 동서로 1095
328,목동1점,서울특별시 양천구 목4동 772-12
329,목동3점,"서울특별시 양천구 목동동로 50 A-111(신정동, 목동아파트)"
330,목동시장점,서울특별시 양천구 목동중앙남로10 7
331,목상석봉점,"대전광역시 대덕구 대덕대로1454 11-6(목상동,1층)"
332,목행점,충청북도 충주시 행정10길 10(목행동)
333,무거1점,울산광역시 남구 신복로23번길 15(무거동)
334,무실점,강원도 원주시 시청로 88-1  101호(무실동)
335,무원삼보점,경기도 고양시덕양구 화신로 31 무원마을 삼보상가 102
336,무주점,전라북도 무주군 무주읍 읍내리 249-6
337,무지개점,"경기도 성남시분당구 구미동 211, 무지개마을 106"
338,묵동점,"서울특별시 중랑구 동일로149길 15. 3동 104호(묵동,우성아파트)"
339,묵호점,"강원도 동해시 발한로 137(발한동, 가동)"
340,문경점,경상북도 문경시 문경읍 주흘로 29
341,문덕점,경상북도 포항시남구 오천읍 문덕리 203-3 청호A상가101
342,문막점,강원도 원주시 문막읍 문막시장1길 55-2
343,문산점,경기도 파주시 문산읍 문항로 82
344,문정점,"서울특별시 송파구 송이로33길 6-17(문정동, 지상1층)"
345,문촌점,경기도 고양시일산서구 대산로 183
346,문학점,"인천광역시 미추홀구 승학길 4(문학동, 101호)"
347,문화동점,충청북도 충주시 사직산1길 15-11(문화동)
348,문화점,대전광역시 중구 문화동 788 상가 107호
349,미금점,경기도 성남시분당구 미금일로 55 상가동108호
350,미룡산북점,전라북도 군산시 부곡로 125(미룡동)
351,미사1점,"경기도 하남시 미사강변중앙로 223, 113호 (망월동, 센트럴파크1)"
352,미아점,서울특별시 강북구 도봉로29길 10 1층
353,미원점,충청북도 청주시상당구 미원면 미원시내2길 19-3
354,민락점,경기도 의정부시 오목로 99
355,밀양댐점,경상남도 밀양시 단장면 고례리 1521-3
356,박달동점,경기도 안양시만안구 박달동 134-5
357,반구점,울산광역시 중구 반구동 101-8
358,반달마을점,"경기도 부천시원미구 상동 397, 반달상가1층"
359,반송2점,부산광역시 해운대구 반송동 62-340
360,반월점,전라북도 전주시덕진구 반월동 1229 반월주공아파트상가 104호
361,반포동점,서울특별시 서초구 반포1동 717-10 101
362,발산동점,서울특별시 강서구 우장산로 9(내발산동)
363,방배본점,서울특별시 서초구 동광로11길 25. 1층(방배동)
364,방어진점,울산광역시 동구 화문로 75
365,방이2점,"서울특별시 송파구 오금로23길 25, 나동 1층 (방이동)"
366,방화1점,서울특별시 강서구 양천로11길 8(방화동 487-8 1층)
367,방화2점,"서울특별시 강서구 방화동로 116-1(방화동, 1층)"
368,백련시장점,서울특별시 서대문구 남가좌2동 347-1
369,백사점,경기도 이천시 백사면 현방리78-2
370,백석점,경기도 양주시 백석읍 양주산성로 564-1
371,백암점,경상북도 울진군 온정면 소태로 3
372,백양사점,전라남도 장성군 북하면 백양로 904
373,백천점,경상북도 경산시 백천동 573-1 108
374,백학점,경기도 연천군 백학면 두백로 35
375,번동점,서울특별시 강북구 번3동 307 1층 5호
376,범서점,울산광역시 울주군 범서읍 점촌5길 37
377,범어점,경상남도 양산시 물금읍 범어리 721-1
378,범어B점,대구광역시 수성구 동대구로77길 24
379,법1동점,대전광역시 대덕구 법동 281 삼정하이츠@상가 1층
380,법2동점,대전광역시 대덕구 법동 206-6
381,법원점,경상북도 포항시북구 양덕동 692-6
382,별내점,경기도 남양주시 별내중앙로26 111호
383,병영점,울산광역시 중구 병영로 80
384,병점점,경기도 화성시 병점로 58(병점동)
385,병천점,충청남도 천안시동남구 병천면 병천리 157-17
386,보개점,경기도 안성시 보개면 남사당로 1-3
387,보광2점,"서울특별시 용산구 장문로6길 101, 지상1층(동빙고동 1-9)"
388,보라매동점,서울특별시 관악구 보라매로 22 (봉천동)
389,보라점,경기도 용인시기흥구 사은로 116
390,보령웅천점,충청남도 보령시 웅천읍 충서로 872
391,보은점,충청북도 보은군 보은읍 삼산리 44-1
392,복대점,충청북도 청주시흥덕구 복대로199번길 3
393,복수점,대전광역시 서구 복수동 283-397
394,본리점,대구광역시 달서구 본리동 81-3번지
395,본오2점,경기도 안산시상록구 각골로 123
396,본오3점,경기도 안산시상록구 본오동 669-7
397,봉곡점,경상북도 구미시 봉곡남로9길 35
398,봉담와우리점,경기도 화성시 봉담읍 와우로15번길 55-9 효성@상가1층
399,봉담점,경기도 화성시 봉담읍 진등1길 57-1
400,봉덕2점,대구광역시 남구 봉덕동 924-3
401,봉명동점,충청북도 청주시흥덕구 주현로25번길 20(봉명동)
402,봉산점,강원도 원주시 치악로 1867 (봉산동)
403,봉암리점,경기도 양주시 은현면 은현로 521
404,봉천현대점,"서울특별시 관악구 양녕로 35-1, 1층(봉천동)"
405,봉평점,강원도 평창군 봉평면 기풍3길 28
406,봉화점,경상북도 봉화군 봉화읍 내성리 236-17
407,부강점,세종특별자치시  부강면 부강2길 11
408,부개주공점,"인천광역시 부평구 부개로 79, (부개동,부개택지개발1블럭)"
409,부곡점(안산),경기도 안산시상록구 부곡동 685-11 안산제2종합시장 1003호
410,부곡점(의왕),경기도 의왕시 솔밭길 31
411,부론점,강원도 원주시 부론면 법천시장길 66-11
412,부발점,경기도 이천시 부발읍 무촌로 137
413,부산송정점,부산광역시 해운대구 송정중앙로 15-1
414,부산신평점,부산광역시 사하구 다대로142번길 130(신평동)
415,부산지사,   
416,부석점,경상북도 영주시 부석면 소천리 381-7
417,부송점,전라북도 익산시 부송1로 65
418,부안점,강원도 춘천시 후석로 261(후평동)
419,부여점,충청남도 부여군 부여읍 성왕로 173번길 12
420,부평점,"인천광역시 부평구 부평문화로115 17, 1층(부평동)"
421,북가좌1점,"서울특별시 서대문구 증가로20길 71, 1층(북가좌동)"
422,북가좌2점,서울특별시 서대문구 북가좌2동 107-1 1층
423,북문점,경기도 수원시장안구 팔달로259번길 9
424,북변점,경기도 김포시 북변동 688 대우아파트상가 111호
425,북부점(경주),경상북도 경주시 동부동 75-8
426,북부점(포항),경상북도 포항시북구 두호동 1035-7
427,북삼점,경상북도 칠곡군 북삼읍 평원2길 15
428,북평점,강원도 동해시 대동로 131(북평동)
429,분당동점,경기도 성남시분당구 분당동 39 샛별마을 삼부아파트상가 -101 1호
430,분평동점,충청북도 청주시서원구 청남로2005번길 27
431,불광동점,서울특별시 은평구 불광로 192
432,불노지구점,인천광역시 서구 검단로 842
433,불당점,충청남도 천안시서북구 불당동 1124
434,불로점,대구광역시 동구 불로동 1139-7
435,비래가양점,대전광역시 동구 가양2동 47-64
436,비산1동점,"경기도 안양시동안구 경수대로 946, 111호 (비산동, 대광로제비앙)"
437,비산삼호점,경기도 안양시동안구 비산동 377-4
438,비산점,대구광역시 서구 평리동 791-24
439,비산B점,대구광역시 서구 비산1동 723-1
440,비인점,충청남도 서천군 비인면 성내리 338-5
441,사당4점,서울특별시 동작구 사당동 1033-23
442,사동2점,"경기도 안산시상록구 감골로 43(사동, 102호)"
443,사동리점,경기도 이천시 대월면 사동로 162
444,사동점,경기도 안산시상록구 사동 1285-3
445,사북점,강원도 정선군 사북읍 사북중앙로 13
446,사우동점,강원도 춘천시 영서로 2818(사농동)
447,사우지구점,경기도 김포시 북변동 832 영풍아파트상가 104
448,사직점,부산광역시 동래구 사직동 19-45
449,사창동점,충청북도 청주시서원구 1순환로  698(사창동)
450,사창리점,강원도 화천군 사내면 사내로 47-1
451,산격점,대구광역시 북구 산격동 1232-3
452,산본13점,"경기도 군포시 산본동 1059 우성상가A동 8,9호"
453,산본3점,"경기도 군포시 광정로 25-16. 103호(금정동,퇴계종합상가)"
454,산본6점,"경기도 군포시 산본천로 34-5(산본동, 세종종합상가동101호)"
455,산본9점,경기도 군포시 산본동 수리산로203번안길 34 
456,산본리점,"경기도 군포시 금산로 62, 1층 (산본동)"
457,산북점,경기도 여주시 산북면 상품로 99
458,삼계점,경상남도 김해시 가야로147번길 12-1 
459,삼광점,강원도 원주시 행구로 107
460,삼동점,경기도 광주시 순암로 509(삼동)
461,삼방점,경상남도 김해시 삼안로235번길 14(삼방동668-17)
462,삼산점,인천광역시 부평구 삼산동 201-3
463,삼성동점,"서울특별시 강남구 영동대로112길 61, 1층(삼성동)"
464,삼송점,경기도 고양시덕양구 신도길 9
465,삼양동점,서울특별시 강북구 미아동 833-12
466,삼환대우점,인천광역시 연수구 원인재로 124
467,삽교점,충청남도 예산군 삽교읍 삽교로2길2
468,상계역점,"서울특별시 노원구 상계로23다길 4, 102호(상계동)"
469,상대원1점,경기도 성남시중원구 박석로62번길 1(상대원동)
470,상도4동점,서울특별시 동작구 상도4동 210-8
471,상도동점,서울특별시 동작구 상도동 22-107 102
472,상동라일락점,"경기도 부천시원미구 도약로 35, 105(상동)"
473,상동점,전라북도 정읍시 상동 265-1(충정로 37)
474,상동현대점,"경기도 부천시원미구 상동 555-8, 102호"
475,상리점,경기도 여주시 청심로 232
476,상무세정점,광주광역시 서구 치평동 상무화원로31번길18
477,상봉동점,서울특별시 중랑구 봉우재로 161(상봉동)
478,상인점,대구광역시 달서구 상인동 1474
479,상일동점,"서울특별시 강동구 상일로 29-1, 1층(상일동)"
480,새마을점,경기도 안양시만안구 안양동 759-51
481,샘머리점,대전광역시 서구 둔산동 908 상록스토아 306
482,샘터점,경기도 고양시덕양구 화신로 73 D상가 103호
483,서3점,부산광역시 금정구 서동 203-6
484,서귀동문점,제주특별자치도 서귀포시 서문로29번길 18
485,서근리점,경기도 화성시 팔탄면 버들로 1362번길 6
486,서남점,대구광역시 달서구 감삼동 63-7
487,서둔탑동평동점,경기도 수원시권선구 서둔로 197-1 1층 101호(탑동)
488,서면점(충남),세종특별자치시  연서면 당산로 286 대원네스트빌@상가101
489,서부점,경상남도 창원시진해구  충장로 100
490,서산1점,충청남도 서산시 읍내동 160-1
491,서산부영점,충청남도 서산시 성암1로 56(읍내동)
492,서산삼성점,충청남도 서산시 서령로 137
493,서상점,경상남도 함양군 서상면 서상로 290-2
494,서석점,강원도 홍천군 서석면 구룡령로 2525
495,서울온천점,"서울특별시 노원구 노원로16길 15, 상가동 1층 104호 (하계동,중계9단지상가)"
496,서울지사,서울특별시 금천구 시흥동 985-14
497,서정점,경기도 평택시 서정동 288-15
498,서천점,충청남도 서천군 서천읍 군사리 715-2
499,서천점(용인),"경기도 용인시기흥구 예현로35번길  6 서천동,1층"
500,서초동점,서울특별시 서초구  효령로424
501,서현점,경기도 성남시분당구 서현동 311 효자촌주상복합 604-110
502,석관동점,"서울특별시 성북구 돌곶이로22길 50, 1층(석관동)"
503,석림점,충청남도 서산시 석림동 783-4
504,석문점,충청남도 당진시 석문면 통정3안길 8-15
505,석사점,강원도 춘천시 공지로252번길 4
506,석적점,경상북도 칠곡군 석적읍 북중리 11길 28
507,석촌점,"서울특별시 송파구 송파대로37길 26, 101호 (석촌동)"
508,석포점,경기도 화성시 장안면 버들로 1199
509,선부3점,경기도 안산시단원구 달미로 85-1
510,선수촌점,서울특별시 송파구 잠실7동 85-1 아시아선수촌상가내
511,선유점,경기도 파주시 문산읍 독서울1길 39 휴먼시아상가 106
512,선화점,대전광역시 중구 은행동 1-1
513,설봉점,경기도 이천시 향교로 106(창전동)
514,설성점,경기도 이천시 설성면 설장로 13(금성빌딩)
515,설악동점,강원도 속초시 청봉로 77 (설악동)
516,설악면점,경기도 가평군 설악면 신천 중앙로 131
517,성거점,충청남도 천안시서북구 성거읍 성거길 90
518,성건점,경상북도 경주시 성건동 625-8
519,성남점,경기도 성남시중원구 성남동 4149
520,성남점(울산),울산광역시 중구 성남동 57-2 2F
521,성내동점,서울특별시 강동구 성내1동 560-5
522,성당점,대구광역시 달서구 성당동 669-9 1층
523,성대1점,경기도 수원시장안구 율전로 85번길 15(율전동)
524,성대2점,"경기도 수원시장안구 서부로 2197번길 36-1, 1층"
525,성산동점,서울특별시 마포구 중동 64-25
526,성산점,제주특별자치도 서귀포시 성산읍 178-3
527,성서점,"대구광역시 달서구 이곡동 1194-2, 상가108호"
528,성석점,경기도 고양시일산동구 고봉로 616(성석동)
529,성정2점,충청남도 천안시서북구 서부12길 14
530,성정점,충청남도 천안시서북구 성정동 717-1
531,성주점(경북),경상북도 성주군 월항면  주산로 397
532,성환점,충청남도 천안시서북구 성환읍 성환리 345-3
533,세검정점,서울특별시 종로구 평창동 285-2
534,세곡점,서울특별시 강남구 세곡동 124-2 1층 16
535,세류점,경기도 수원시권선구 정조로 558(세류동)
536,세종청사점,"세종특별자치시  갈매로 479, 101(어진동, 상가동지하1층)"
537,센트럴파크점,인천광역시 연수구 컨벤시아대로 50
538,소래점,인천광역시 남동구 논현동 577 풍림상가 111호
539,소사3점,"경기도 부천시소사구 소사로160번길 26-2, 1층일부(소사본동)"
540,소양로점,강원도 춘천시 중앙로 126번지(소양로4가)
541,소촌점,광주광역시 광산구 소촌동 610 서라@상가105
542,속리산점,충청북도 보은군 속리산면 사내리 281-1
543,송강그린점,대전광역시 유성구 송강동 208-7
544,송강마을점,대전광역시 유성구 구즉로58번길 12(송강동)
545,송내1점,"경기도 부천시소사구 경인로134번길 72, 202호(송내동,단지내상가2층)"
546,송내점,경기도 동두천시 거북마루24    103호
547,송도신도시점,"인천광역시 연수구 해돋이로6번길 33, 한진해모로상가 105호"
548,송도점,인천광역시 연수구 비류대로 216 1층4호
549,송림점,인천광역시 동구 샛골로161번길 25
550,송산점,충청남도 당진시 송산면 송산로 809
551,송악점,충청남도 아산시 송악면 외암리 595-104
552,송월점,인천광역시 중구 송월동1가 11-128
553,송정점,"강원도 동해시 동해항2길 5, 7/2(송정동)"
554,송지호점,강원도 고성군 죽왕면 동해대로 5902
555,송천점,전라북도 전주시덕진구 솔내로 111(송천동1가)
556,송촌점,대전광역시 대덕구 송촌동 222-12
557,송현점,대구광역시 달서구 송현동 798-23
558,수곡동점,충청북도 청주시서원구 청남로  2092-1
559,수리산역점,"경기도 군포시 번영로 403, 211(산본동, 가야주공)"
560,수림점,인천광역시 남동구 주안로237번길 1
561,수서점,"서울특별시 강남구 광평로51길 49, 수서주공아파트상가112"
562,수성점,대구광역시 수성구 수성동1가 82-2
563,수안보점,충청북도 충주시 수안보면 장터2길 20-7
564,수완점,광주광역시 광산구 신가동 1101
565,수원지사,   
566,수유점,"서울특별시 강북구 노해로11길 42, 1층(수유동)"
567,수진점,"경기도 성남시수정구 제일로124번길 8, 1층 (수진동)"
568,순흥점,경상북도 영주시 순흥면 읍내리 315-1
569,시화3점,경기도 시흥시 정왕대로53번길 29
570,시화5점,경기도 시흥시 역전로 427 세종상가 104
571,시화6점,경기도 시흥시 정왕동 1847 청솔아파트 상가 104호
572,시화7점,"경기도 시흥시 정왕신길로49번 37,109(서해APT상가)"
573,시화8점,경기도 시흥시 정왕대로266번 4 금강아파트 상가 108호
574,시화지구점,경기도 시흥시 봉우재로 7번길 20
575,시흥공구점,서울특별시 금천구 시흥동 941-1
576,시흥사거리점,서울특별시 금천구 시흥1동 995-10 1층
577,시흥현대점,"서울특별시 금천구 독산로36길 8, 지하1층 (시흥동)"
578,신갈점,경기도 용인시기흥구 신구로53번길  10-1(신갈동)
579,신계점,충청남도 천안시동남구 목천읍 충철로 874 협성엠파이어아파트 상가 106~107호
580,신곡점,경기도 의정부시 시민로 240
581,신공덕점,"서울특별시 마포구 만리재옛길 20(신공덕동, 1층)"
582,신공항점,인천광역시 중구 영종대로27번길 41
583,신관점,충청남도 공주시 신관동 177-1
584,신관초교점,충청남도 공주시 신관동 319-7 신관초교 후문앞
585,신구로점,"서울특별시 구로구 구로중앙로28다 21, 1층101호(구로동)"
586,신길2점,서울특별시 영등포구 신길동 451-1
587,신내동점,"서울특별시 중랑구 봉화산로 236(신내동, 102호)"
588,신대방역점,서울특별시 관악구 신림동 542-17
589,신대점,대전광역시 대덕구 신대동 216번지
590,신도림점,서울특별시 구로구 신도림로11다길 23(신도림동)
591,신둔점,경기도 이천시 신둔면 경충대로 3172
592,신례원점,충청남도 예산군 예산읍 창말로 8
593,신림2점,서울특별시 관악구 신림동 251-461
594,신림점(원주),강원도 원주시 신림면 신림황둔로 4
595,신림현대점,"서울특별시 관악구 신림로 122, 1층 (신림동)"
596,신매점,대구광역시 수성구 신매동 599-15
597,신반점,경상남도 의령군 부림면 신번로 164
598,신부점,충청남도 천안시동남구 신부동 683
599,신사동점,"서울특별시 은평구 갈현로3길 33-8, 1층 (신사동)"
600,신선점,부산광역시 영도구 하나길 614
601,신설동점,서울특별시 종로구 숭인2동 699
602,신성점,대전광역시 유성구 신선로 72번길 30
603,신수동점,"서울특별시 마포구 토정로 240, 1-1(신수동, 상가)"
604,신수리점,강원도 철원군 서면 자등로 593
605,신시가지점,제주특별자치도 서귀포시 김정문화로 66(법환동)
606,신양점,충청남도 예산군 신양면 청신로 364
607,신영통점,경기도 수원시영통구 영통로90번길 4-9(망포동485-3)
608,신원당점,경기도 고양시덕양구 고양대로1384 7-24 동문상가 1층 
609,신월4점,서울특별시 양천구 신월4동 447-4
610,신월7점,서울특별시 양천구 신월7동 952-1 대지상가 105
611,신정1점,"서울특별시 양천구 중앙로32길 55, 1층 101호 (신정동)"
612,신정2점,"서울특별시 양천구 신목로2길 11, 1층 103호 (신정동,청구아파트상가)"
613,신제주점,제주특별자치도 제주시 신대로 124(연동)
614,신창부영점,광주광역시 광산구 신창동 1270번지 부영@2차 상가 2-106
615,신창점,충청남도 아산시 신창면 서부남로 868
616,신천은행점,경기도 시흥시 신천동 781-22
617,신천점,대구광역시 동구 신천동 279-17
618,신탄3점,대전광역시 대덕구 신탄진동 18-8
619,신태인점,전라북도 정읍시 신태인읍 신태인중앙로 7
620,신풍시장점,서울특별시 영등포구 신길3동 325-96
621,신항점,충청남도 태안군 근흥면 신진도리 527-8
622,신현리점,경기도 광주시 오포읍 새말길 94
623,신현점,인천광역시 서구 원창로239번길 4(가정동)
624,신흥2점,경기도 성남시수정구 수정로220번길 5 (신흥동)
625,심곡5점,"경기도 부천시원미구 부천로103번길 17, 1층 일부 (심곡동)"
626,심곡본1점,"경기도 부천시소사구 성주로 159(심곡본동,1층)"
627,심곡점,인천광역시 서구 심곡로 170 상가동 1층 103호
628,십정점,인천광역시 부평구 배곶남로 18
629,쌍문동점,서울특별시 도봉구 쌍문동 56 삼익A 상가 107
630,쌍촌시영점,광주광역시 서구 쌍촌로 37
631,아동점,"경기도 파주시 경의로 1821, 1층101호"
632,아라점,제주특별자치도 제주시 인다12길 1 아라주공아파트 상가 106호
633,아산풍기점,충청남도 아산시 어의정로 184
634,아중점,전라북도 전주시덕진구 인후동1가 880-5
635,아진천곡달천점,울산광역시 북구 달천로 103-19(달천아이파크 2차상가 100동 B109호)
636,안강점,경상북도 경주시 안강읍 비화원로 117
637,안녕송산점,경기도 화성시 용주로 25 1층 일부호(안녕동)
638,안산3점,경기도 안산시단원구 예술대학로 107 상가104호
639,안산상록수점,경기도 안산시상록구 본삼로 17 1층 103호
640,안산이동점,"경기도 안산시상록구 도매시장로 34-1, 102호"
641,안산일동점,경기도 안산시상록구 호동로 81(일동)
642,안산효자점,경기도 안산시단원구 선부광장서로1길 15 효자상가103호
643,안서점,충청남도 천안시동남구 중암1길 17
644,안성2점,경기도 안성시 신건지동 1-2
645,안양5동점,경기도 안양시만안구 안양동 388-12
646,안의점,경상남도 함양군 안의면 금천리 203-4
647,안정점,경상남도 통영시 광도면 안정로 807
648,안중점,경기도 평택시 안중읍 안현로서7길 16
649,안흥점,강원도 횡성군 안흥면 안흥길 37-1
650,암사2점,"서울특별시 강동구 구천면로 337, 1층 (암사동)"
651,암사역점,서울특별시 강동구 암사1동 501-25
652,앙성점,충청북도 충주시 앙성면 가곡로 1033-1
653,애월점,제주특별자치도 제주시 애월읍 애월리 1717-6
654,야탑점,"경기도 성남시분당구 야탑로139번길 18-3 (야탑동,1층)"
655,약대점,경기도 부천시오정구 삼정동 318-5 1층
656,약목점,경상북도 칠곡군 약목면 약목로 94-2(2층 건물내 1층)
657,약수역점,서울특별시 중구 신당동 321-1 1층
658,양곡1점,경기도 김포시 양촌읍 양곡2로60번길 53 101호
659,양덕원점,강원도 홍천군 남면 시동로 4
660,양덕합성점,경상남도 창원시마산회원구 합성동 733-3
661,양동점,경기도 양평군 양동면 양동시장길 6-5
662,양문점,경기도 포천시 영중면 양문로 98-1
663,양벌점,경기도 광주시 오포읍 양벌로 190
664,양성점,경기도 안성시 양성면 읍내길 26
665,양수리점,경기도 양평군 양서면 양수로150번길 9-2
666,양재점,서울특별시 서초구 양재동 8-71 광성빌딜 1층
667,양정염포점,울산광역시 북구 염포로 591-1(양정동)
668,양평옥천점,"경기도 양평군 옥천면 북부길9번길, 5"
669,양평용문점,경기도 양평군 용문역길 7
670,양평점,경기도 양평군 양평읍 중앙로167번길 62
671,어양점,전라북도 익산시 고봉로18길 107(어양동)
672,언양점,울산광역시 울주군 언양읍 읍성로 40
673,엄사금암점,충청남도 계룡시 엄사면 번영2길 4-41 101
674,엄정점,충청북도 충주시 엄정면 내창로 205
675,에코점,인천광역시 남동구 논현동 739-1
676,여월점,경기도 부천시오정구 여월동 52-4 1층
677,여의도점,"서울특별시 영등포구 여의나루로 117, 109(여의도동)"
678,여주점,경기도 여주시 여흥로 97
679,역곡1점,경기도 부천시원미구 역곡로 61 (역곡동)
680,연남동점,서울특별시 마포구 연남로 41(연남동)
681,연동점,제주특별자치도 제주시 연동 251-23
682,연무대점,충청남도 논산시 연무읍 안심로 127
683,연봉점,강원도 홍천군 홍천읍 무궁화로 88
684,연성점,"경기도 시흥시 인선길 100, 107호(장곡동, 연성프라자)"
685,연수3점,인천광역시 연수구 연수동 540 문남상가 107호
686,연수5점,"인천광역시 연수구 먼우금로 126, 107호(동춘동, 대림현대)"
687,연수6점,"인천광역시 연수구 샘말로 106-7(연수동, 1층 일부)"
688,연수동점,충청북도 충주시 연원로 28(연수동)
689,연수주공점,인천광역시 연수구 연수동 533 연수상가 103호
690,연지점,경기도 안성시 연지동 16-1
691,연천점,경기도 연천군 연천읍 연천로 262
692,연풍점,경기도 파주시 파주읍 술이홀로 449
693,연풍점(충북),충청북도 괴산군 연풍면 향교로 28
694,염창동점,서울특별시 강서구 공항대로65길 51. 1층(염창동)
695,영광점,전라남도 영광군 영광읍 남천리 312-2
696,영덕점,경상북도 영덕군 영덕읍 중앙길 120-3
697,영동아파트점,"서울특별시 강남구 역삼로64길 11, 1층(대치동)"
698,영동점,충청북도 영동군 구교로 46-1
699,영등포점,"서울특별시 영등포구 양산로 137, 1층(당산동3가)"
700,영산점,경상남도 창녕군 영산면 서리상촌길321
701,영오점,경상남도 고성군 영오면 영회로 514
702,영운동점,충청북도 청주시상당구 영운로 34-1(영운동)
703,영월삼호점,강원도 영월군 영월읍 단종로 88
704,영월점,강원도 영월군 영월읍 은행나무길 19
705,영주지사,   
706,영주풍기점,경상북도 영주시 풍기읍 풍기로 49-1
707,영천시장점,서울특별시 서대문구 천연동 1 냉천동 190
708,영통2점,경기도 수원시영통구 영통동 955-1 황골마을1단지 상가-106
709,예산1점,충청남도 예산군 예산읍 예산리 천변로 179
710,예산2점,충청남도 예산군 예산읍 주교리 225-9
711,예천점,경상북도 예천군 예천읍 남본리 222-2번지
712,오남리점,경기도 남양주시 오남읍 진건오남로 626
713,오류1점,서울특별시 구로구 고척로1길 5 (오류동)
714,오목천점,경기도 수원시권선구 삼천병마로 1592번길 3(오목천동)
715,오산1점,경기도 오산시 오산로 190번길 24
716,오산2점,경기도 오산시 오산로 226번길 18(원동)
717,오성점,경기도 평택시 오성면 숙성리 137-7
718,오정점,"경기도 부천시오정구 오정로 244번 45, (오정동,1층)"
719,오천원동점,경상북도 포항시남구 오천읍 냉천로302번길 51
720,오학점,"경기도 여주시 현암2길   28-11, 1층8호"
721,옥계점(대전),대전광역시 중구 대종로 59(옥계동)
722,옥산점,경상북도 경산시 성암로 10길 2-12(옥산동)
723,옥수동점,"서울특별시 성동구 독서당로39길 48, 1층 (옥수동)"
724,옥정점,"경기도 양주시 옥정동로5다길 12, 1층(옥정동)"
725,옥천점(충북),충청북도 옥천군 옥천읍 금구리 24-6
726,옥포1점,경상남도 거제시 옥포로 282
727,온수리점,인천광역시 강화군 길상면 온수리 547-1
728,온양1점,충청남도 아산시 충무로 20번길 20
729,와룡점,"대구광역시 달서구 이곡동로 32, 403-106(이곡동,성서와룡타운)"
730,와수리점,강원도 철원군 서면 와수리 168-1
731,왕십리점,서울특별시 성동구 하왕십리2동 955-11
732,왜관점,경상북도 칠곡군 왜관읍 구상길 180-1 삼성A104
733,외동점,경상남도 김해시 외동 1214-2
734,용강점,경상북도 경주시 승삼1길 6-10
735,용담점,제주특별자치도 제주시 용담2동 359-51
736,용산점,충청북도 충주시 금붕9길 3
737,용상점,경상북도 안동시 용상동 1242
738,용연점,충청남도 아산시 배방읍 장재리 1205
739,용운점,대전광역시 동구 용운동 307-8
740,용원점,경상남도 창원시진해구 용재로29번길 5-17
741,용인구성점,경기도 용인시기흥구 구성로 176(언남동)
742,용인시청점,경기도 용인시처인구 중부대로 1142-1
743,용전점,대전광역시 대덕구 중리동 246-25
744,용현1호점,인천광역시 미추홀구 인주대로174번  36
745,용현2호점,인천광역시 미추홀구 낙섬중로 11(용현동)
746,용현점,"경기도 의정부시 충의로57번길 7-3(용현동, 1층)"
747,용호점,"부산광역시 남구 용호로42번길 104(용호동,1층)"
748,용화점,"충청남도 아산시 용화동 694, 101호"
749,우만.지동점,경기도 수원시팔달구 창룡대로 150 55(우만동)
750,우면동점,"서울특별시 서초구 바우뫼로7길 11, 1층 106호(우면동,우면아파트상가)"
751,우성점,충청남도 천안시서북구 직산읍 자은가리1길 68  
752,우암점,충청북도 청주시상당구 향군로 20(우암점)
753,우천점,강원도 횡성군 우천면 수남로 333
754,우현점,경상북도 포항시북구 우현동 134-7 우현상가101호
755,운남삼성점,광주광역시 광산구 운남동 387-22번지 삼성@ 상가 127호
756,운정1점,"경기도 파주시 미래로 603, 상가동 203호(목동동)"
757,운정2점,"경기도 파주시 동패로 115, 상가동 122호"
758,운천점,경기도 포천시 영북면 운천로 10
759,울산신정1점,울산광역시 남구 봉월로164번길 4
760,원곡동점,"경기도 안산시단원구 원선로 55, 104호(원곡동)"
761,원당지구점,인천광역시 서구 당하동 1028-13
762,원동일산점,"강원도 원주시 무실로 96, 1층 (일산동)"
763,원미1점,"경기도 부천시원미구 원미로 89-1, 1층(원미동)"
764,원북점,충청남도 태안군 원북면 원이로 837
765,원앙마을점,충청남도 천안시동남구 목천읍 삼성리 9-9 부영A상가 110
766,원종3점,경기도 부천시오정구 원종동 206-3
767,원주지사,테스트 테스트구 테스트점 23-123
768,원천점,경기도 수원시영통구 매탄2동 동탄원천로1109번길 42 원천성일아파트상가동 103호
769,원통점,강원도 인제군 북면 금강로 46
770,월계동점,서울특별시 노원구 광운로2나길 11
771,월계삼호점,서울특별시 노원구 월계3동 12-1 삼호4차 상가
772,월곡2점,서울특별시 성북구 하월곡2동 37-18
773,월봉점,충청남도 천안시서북구 월봉로 79
774,월피주공점,경기도 안산시상록구 월피동 446-2 주공상가 107호
775,위미점,제주특별자치도 서귀포시 남원읍 위미리 1759-2
776,유구점,충청남도 공주시 유구읍 중앙1길 88
777,유성1점,대전광역시 유성구 게룡로60번길 60-2
778,유성2점,대전광역시 유성구 장대동 269-8
779,유천2점,대전광역시 중구 유천동 127-7
780,유천점,대전광역시 중구 유천동 285-19
781,율도점,인천광역시 서구 신현동 173-35
782,율량점,충청북도 청주시청원구 공항로 114
783,율암온천점,경기도 화성시 팔탄면 온천로 454
784,율하점,대구광역시 동구 율하동로12길 12(율하동)
785,으뜸점,광주광역시 서구 상무공원로 112 해광한신아파트상가 113호
786,은빛점,경기도 고양시덕양구 화중로130번길 5-19
787,은행나무점,서울특별시 금천구 탑골로 17
788,은행점,경기도 성남시중원구 산성대로582번 14. 1층(은행동)
789,은행택지점,경기도 시흥시 은행로 107
790,음봉점,충청남도 아산시 음봉면 산동안길 10
791,음성점,충청북도 음성군 음성읍 시장로 95
792,응암1점,서울특별시 은평구 응암동 124-17
793,의당.신한점,충청남도 공주시 의당면 연수원길 115-2 102호
794,의정부지사,   
795,이대점,"서울특별시 마포구 숭문16길 10, 1층(염리동)"
796,이도점,"제주특별자치도 제주시 도남로15길 4-12, 101(도남동)"
797,이동점,경기도 포천시 이동면 화동로 2105
798,이매점,경기도 성남시분당구 이매로 54 이매촌분산상가 101호
799,이수점,충청남도 천안시서북구 백석동 433-3
800,이원점,충청북도 옥천군 이원면 강청리 82-6
801,이월점,충청북도 진천군 이월면 진광로 789-1
802,이주단지점,충청남도 당진시 송악읍 신복운로6길 7(1층)
803,이천중앙점,경기도 이천시 서희로 37(중리동)
804,이천현대점,경기도 이천시 부발읍 경충대로2110번길 14
805,이포점,경기도 여주시 금사면 이포로 60
806,이화동점,서울특별시 종로구 대학로 52(연건동)
807,인계점,"경기도 수원시팔달구 권광로 317번 12, 상가동 지하1층6,7호"
808,인덕원점,"경기도 안양시동안구 흥안대로517번 49, 1층(관양동)"
809,인동점,경상북도 구미시 인동19길  36-1 1층
810,인동점(대전),대전광역시 동구 인동 147-7
811,인월점,전라북도 남원시 인월면 인월리 249-16
812,인제점,강원도 인제군 인제읍 비봉로 3
813,인제현리점,강원도 인제군 기린면 기린로 19
814,인창점,경기도 구리시 건원대로99번길 49
815,인천남부점,"인천광역시 남동구 성리로35번길 20-1(구월동, 1층)"
816,인천남촌점,인천광역시 남동구 남촌동로 52-1
817,인천지사,   
818,일도점,제주특별자치도 제주시 천수로 25-1
819,일동점,경기도 포천시 일동면 화동로 1073
820,일신점,인천광역시 부평구 일신동 111-4
821,임계점,강원도 정선군 임계면 송계5길 5
822,임광점,경기도 수원시영통구 권선로 792 (매탄동)
823,임은점,경상북도 구미시 임은길 50
824,입암동점,강원도 강릉시 성덕포남로 89-10
825,자양1점,"서울특별시 광진구 자양로13다길 47(자양동, 1층)"
826,자양3점,서울특별시 광진구 뚝섬로 693
827,자양점,대전광역시 동구 자양동 190-36
828,자유점,"강원도 원주시 자유시장길 7, 22-3(중앙동)"
829,작전1점,"인천광역시 계양구 주부토로 468(작전동, 상가동1층6호)"
830,작전3점,인천광역시 계양구 효성동 197-19
831,작전현대점,인천광역시 계양구 작전동 580-1 현대아파트상가 1층
832,잠실새마을점,"서울특별시 송파구 백제고분로7길 39, 1층 106호(잠실동,고려빌딩)"
833,장계점,전라북도 장수군 장계면 한들로 81
834,장기1점,경기도 김포시 장기동 1968-3
835,장기월드점,"경기도 김포시 전원로 32, 116호(장기동, 월드상가)"
836,장락고암점,충청북도 제천시 신죽하로 83-24(장락동)
837,장량점,경상북도 포항시북구 장량로87번길 6-15
838,장림점,부산광역시 사하구 장림동 641-180
839,장미점,서울특별시 송파구 신천동 7 장미 B-202
840,장성점,강원도 태백시 장성시장1길 3(장성동)
841,장수점,경상북도 영주시 장수면 장수로 48
842,장암주공점,경기도 의정부시 회룡로 223 (장암주공5단지아파트)
843,장양리점,강원도 원주시 소초면 장막1길 7
844,장위동점,서울특별시 성북구 장월로 90
845,장유점,경상남도 김해시 무계동 278
846,장평점,경상남도 거제시 장평3로4길 24
847,장항점,충청남도 서천군 장항읍 장항로 125-1
848,장현점,경기도 남양주시 진접읍 봉현로36번길 12
849,장호원점,경기도 이천시 장호원읍 샘재로147번길 26
850,장흥관산점,전라남도 장흥군 관산읍 관산로 119-1
851,장흥점,전라남도 장흥군 장흥읍 동교3길 8
852,적성점,경기도 파주시 적성면 청송로 1020
853,전곡터미널점,경기도 연천군 전곡읍 온골로 56
854,전남금산점,전라남도 고흥군 금산면 대흥리 360-20
855,전대리점,경기도 용인시처인구 포곡읍 전대로78번길 3-1
856,전대점,광주광역시 북구 서양로 46
857,전민점,"대전광역시 유성구 전민로10번길 49(전민동, 1층)"
858,전북지사,   
859,전하점,울산광역시 동구 전하동 618-8
860,점동점,경기도 여주시 점동면 청안로 134
861,정관점,부산광역시 기장군 정관읍모전3길 37
862,정남점,경기도 화성시 정남면 괘량리 1048-3
863,정릉점,서울특별시 성북구 돈암동 43-6
864,정릉행복점,서울특별시 성북구 정릉동 372-47
865,정림점,대전광역시 서구 정림동 666번지
866,정산점,충청남도 청양군 정산면 서정리 168
867,정선점,강원도 정선군 정선읍 정선로 1352
868,정자점,"경기도 성남시분당구 황새울로116번 28, 1층(정자동)"
869,정자점(수원),경기도 수원시장안구 장안로 183
870,제물포점,인천광역시 미추홀구 장천로112번길 10 1층
871,제부도점,경기도 화성시 서신면 해안길 246-1
872,제주동문점,제주특별자치도 제주시 일도1동 1084-13
873,제주지사,   
874,제천역전점,충청북도 제천시 내토로 435-1
875,조암점,경기도 화성시 우정읍 조암서로22번길 21
876,조양동점,강원도 속초시 동해대로 3998(조양동)
877,조원점,경기도 수원시장안구 송정로187번길 49
878,조치원2점,"세종특별자치시  조치원읍 새내로 65-1, 1층"
879,조치원3점,세종특별자치시  조치원읍 충현로 159 욱일@상가B07호
880,종로낙원점,서울특별시 종로구 낙원동 49
881,주공1점,경기도 평택시 평택2로 108 (비전동)
882,주덕점,충청북도 충주시 주덕읍 신양로 109
883,주문진점,강원도 강릉시 주문진읍 주문로 117
884,주안2동점,인천광역시 미추홀구 경인로 326번 49
885,주안점,인천광역시 미추홀구 염창로 84-3
886,주원점,인천광역시 미추홀구 주안동 1593-34
887,주천점,강원도 영월군 주천면 주천로 88-1
888,주촌점,경상남도 김해시 주촌면 주선로76
889,죽림점,"경상남도 통영시 광도면 죽림1로 17-37, 102호(용문빌딩1층)"
890,죽변점,경상북도 울진군 죽변면 죽변북로 59
891,죽산점,경기도 안성시 죽산면 중서길 1
892,죽전점,"경기도 용인시수지구 대지로 62, 104(죽전동)"
893,죽정점,충청남도 보령시 죽정동 646-9
894,중곡1점,"서울특별시 광진구 용마산로7길 20(중곡동, 1층)"
895,중곡2점,서울특별시 광진구 중곡동 199-27
896,중동1점,경기도 부천시원미구 중동 805-2 중앙 103호
897,중동동성점,"경기도 부천시원미구 조마루로 233, 상가동1층121호(중동, 미리내마을)"
898,중리점,대구광역시 서구 국채보상로38길 57-1
899,중리점(대전),대전광역시 대덕구 중리남로 20
900,중마점,전라남도 광양시 중동 1681번지 태영@ 상가 106호
901,중문점,제주특별자치도 서귀포시 천제연로185번 3-1
902,중산점,경기도 고양시일산동구 탄중로 416 상가 109
903,중앙점(경주),경상북도 경주시 노동동 236-1
904,중촌점,대전광역시 중구 목중로39번길 21
905,중화산동점,"전라북도 전주시완산구 따박골2길 3(중화산동2가, 1층)"
906,중흥리점,충청남도 당진시 송악읍 송악로 685
907,중흥설악점,경기도 부천시원미구 중동 1052 중흥주공상가 204
908,증산동점,서울특별시 은평구 증산동 159-14
909,증평점,충청북도 증평군 증평읍 중앙로173
910,지경리점,강원도 철원군 김화읍 청양로84
911,지곡점,충청남도 서산시 지곡면 무장리 920 오스카빌 103
912,지리산온천점,전라남도 구례군 산동면 관산리 715-2번지
913,지원점,광주광역시 동구 소태동 653-4
914,지평점,경기도 양평군 지평면 지평의병로 96
915,직산부영점,충청남도 천안시서북구 직산읍 군수1길 10 부영아파트상가 107호
916,직산점,충청남도 천안시서북구 직산읍 삼은리 76-177
917,진달래점,서울특별시 강남구 역삼동 779-9
918,진도점,전라남도 진도군 진도읍 옥주길 22
919,진량점,경상북도 경산시 진량읍 황제리 70-1 창신황제상가 203
920,진보점,경상북도 청송군 진보면 진안리 384-4
921,진부점,강원도 평창군  진부면 진부중앙로 70
922,진우점,강원도 원주시 현충로 272(태장동)
923,진잠점,대전광역시 유성구 원내동 343-6
924,진주대곡점,경상남도 진주시 대곡면 광석리 315-1
925,진천대곡점,대구광역시 달서구 상화로21길 49(진천동)
926,진천점,"충청북도 진천군 진천읍 문화로 237-18, 101호"
927,진하점,울산광역시 울주군 서생면 깨목길 28
928,참이슬점,경기도 평택시 참이슬길 16
929,창녕점,경상남도 창녕군 창녕읍 명덕로 48
930,창동역점,서울특별시 도봉구 창동 135-14 1층 103
931,창신동점,"서울특별시 종로구 지봉로5길 12, 1층(창신동)"
932,창현점,경기도 남양주시 화도읍 창현로  60(신명상가 108호)
933,천리점,경기도 용인시처인구 이동면 백옥대로 623
934,천마점,경기도 남양주시 화도읍 멋갓로28번길 36
935,천북점,충청남도 보령시 천북면 하궁길 2
936,천안3점,충청남도 천안시동남구 봉정로 18
937,천안4점,충청남도 천안시동남구 오룡동 63-12
938,천안7단지점,"충청남도 천안시서북구 쌍용11길 57 109(쌍용동, 주공아파트 7단지상가)"
939,천안백석점,충청남도 천안시서북구 백석5길 23-1(백석동)
940,천안신당점,충청남도 천안시서북구 신당동 271-9
941,천안신방점,충청남도 천안시동남구 서부대로 피오레상가103 
942,천안청룡점,충청남도 천안시동남구  구성2길 1(구성동)
943,천왕점,서울특별시 구로구 천왕로 56 천왕이펜하우스3단지 상가 1층 102호
944,천천2점,경기도 수원시장안구 화서동 706 진흥@상가 105
945,천호점,"서울특별시 강동구 천중로18길 53, 1층 (천호동)"
946,철산2점,경기도 광명시 철산2동 156-1 1층
947,철산3점,"경기도 광명시 도덕공원로 21-1. 비02호(철산동,힐타운상가)"
948,첨단점,광주광역시 광산구 산월동 산월로 64
949,청당점,"충청남도 천안시동남구 청수10길 12, 101"
950,청도점,경상북도 청도군 청도읍 청화로 202-2
951,청라2점,인천광역시 서구 청라루비로 144번길 6-6
952,청라점,충청남도 보령시 청라면 당안길1
953,청량리점,"서울특별시 동대문구 왕산로 247, 1층(청량리동)"
954,청룡동점,서울특별시 관악구 청룡길 20
955,청림점,경상북도 포항시남구 청림동 588-2번지
956,청북신도시점,경기도 평택시 청북면 옥길리 1165-7
957,청북점,경기도 평택시 청북읍 신포길56
958,청양점,충청남도 청양군 청양읍 읍내리 203-40
959,청일점,강원도 횡성군 청일면 유동로 18
960,청주용암점,충청북도 청주시상당구 무농정로3번길 36(용암동)
961,청천2점,인천광역시 부평구 청천2동 11-35
962,청풍점,"충청북도 제천시 청풍면 청풍호로58번길, 10-16"
963,초가점,경기도 포천시 소흘읍 검바위길 84
964,초계점,경상남도 합천군 초계면 초계리 89-1
965,초원점,충청남도 아산시 좌부동 84 초원상가 103
966,초월점,경기도 광주시 초월읍 경춘대로 1043
967,초지1점,경기도 안산시단원구 초지동 734-5 한양타워 114호
968,총신대점,서울특별시 동작구 사당5동 213-7
969,추풍령점,충청북도 영동군 추풍령면 신안로 52-1
970,축산점,경상북도 영덕군 축산면 축산리 86-18
971,춘천명동점,강원도 춘천시 금강로76번길 (조양동)
972,춘천터미널점,강원도 춘천시 공지로 458(근화동)
973,춘천팔호광장점,강원도 춘천시 효자로 154(효자동)
974,충남덕산점,충청남도 예산군 덕산면 읍내리 342-1
975,충청지사,   
976,충효점,경상북도 경주시 충효중앙길 65(충효동)
977,칠곡2점,대구광역시 북구 구암동 674-4
978,칠금점,"충청북도 충주시 금릉로 45, 109(칠금동, 현대아파트상가동)"
979,칠보점,경기도 수원시권선구 금호로 2 1층 102호
980,칠성점,"대구광역시 북구 칠성로15길  8, 1층"
981,침산점,대구광역시 북구 침산동 1466-1
982,탄방점,대전광역시 서구 탄방동 804
983,탄현점,경기도 고양시일산서구 탄현로 74
984,탕정점,충청남도 아산시 탕정면 탕정면로 230-11
985,태백점,강원도 태백시 먹거리길  66
986,태백주공점,강원도 태백시 감천로 28(황지동)
987,태안점,충청남도 태안군 태안읍 시장2길 42
988,태장점,강원도 원주시 북원로 2696(태장동)
989,태전동점,경기도 광주시 태봉로 31-3 105호(태전동)
990,태전점,대구광역시 북구 태전동 162-30
991,"태평1,3동점","경기도 성남시수정구 남문로 14, 1층 일부호 (태평동)"
992,"태평2,4동점","경기도 성남시수정구 남문로102번길 1(태평동, 1층)"
993,태평2점,대전광역시 중구 태평동 334-7
994,태평상가점,"인천광역시 계양구 계산4동 1085-2, 3 태평@상가 114"
995,테크노점,충청북도 청주시흥덕구 송절동 822
996,테크노점(대구),대구광역시 달성군 유가면 테크노상업로 98
997,테크노점(아산),충청남도 아산시 둔포면 석곡리 1520 아산테크노빌딩 102
998,토곡점,부산광역시 연제구 연산동 410-2
999,통영1점,"경상남도 통영시 중앙로 255 106호(북신동,동우상가)"
1000,통영2점,경상남도 통영시 도천동 1021-1 영생상가나동 111호
1001,퇴계동점,"강원도 춘천시 행촌로32번길  5-6, 1층"
1002,퇴계원점,경기도 남양주시 퇴계원면 경춘북로 520번길 4
1003,퇴계주공점,강원도 춘천시 지석로 74-11 A13(퇴계동)
1004,퇴촌점,경기도 광주시 퇴촌면 광동로 97
1005,파동점,대구광역시 수성구 파동 199-22 1층
1006,파인힐(공단점),경기도 시흥시 마유로 226 120호
1007,파장2점,"경기도 수원시장안구 파장천로 44번 88, 1층(파장동)"
1008,파장점,경기도 수원시장안구 파장로 79(정자동)
1009,판암2점,대전광역시 동구 판암동 234 6단지상가 101
1010,팽성점,"경기도 평택시 팽성읍 안정쇼핑로 77-2, 12"
1011,평거점,경상남도 진주시 진양호로 187
1012,평내점,경기도 남양주시 경춘로 1302
1013,평리점,대구광역시 서구 평리동 618-1
1014,평원점,강원도 원주시 평원로 67(평원동)
1015,평창점(강원),강원도 평창군 평창읍 평창중앙로 84
1016,평촌3점,경기도 안양시동안구 관양동 1589-1 한가람상가 103호
1017,평촌5점,"경기도 안양시동안구 동안로 2.109(호계동,무궁화진흥아파트상가)"
1018,평택1점,"경기도 평택시 중앙로 19(통복동, 2층)"
1019,평택지산점,경기도 평택시 지산동 1130
1020,포남동점,강원도 강릉시  강릉대로527번 15
1021,포남로얄점,강원도 강릉시  경강로 2265(포남동)
1022,포도원점,경기도 안양시동안구 호계동 859-13
1023,포승점,경기도 평택시 포승읍 석정리 1257-13 1층 3
1024,포천점,경기도 포천시 중앙로 184
1025,포항이동점,경상북도 포항시남구 대잠동 469-3
1026,포항장성점,경상북도 포항시북구 성실로 24-1
1027,포항터미널점,경상북도 포항시남구 중섬로 25(대잠동)
1028,풍납점,서울특별시 송파구 풍성로 24(풍납동)
1029,풍동식사점,경기도 고양시일산동구 숲속마을2로 100
1030,풍무2점,"경기도 김포시 풍무로 51, 101(풍무동)"
1031,풍산마실점,"경기도 하남시 미사강변한강로334번안길 13, 1층 (망월동)"
1032,하남신도시점,경기도 하남시 신장2동 528 현대A 116-115
1033,하늘도시점,인천광역시 중구 중산동 1885-11
1034,하당동아점,전라남도 목포시 신흥로45번길 2 상가112호
1035,하당부영점,전라남도 목포시 삼향천로91번길 26(옥암동)
1036,하대원점,"경기도 성남시중원구 마지로155번길 25-7(하대원동,1층)"
1037,하동점,경상남도 하동군 하동읍 읍내리 1283-2
1038,하북점,경기도 평택시 진위면 하북4길 3
1039,하성점,경기도 김포시 하성면 애기봉로806번길 67
1040,하소동점,충청북도 제천시 용두대로21길 9(하소동)
1041,하안1점,"경기도 광명시 안현로 19(하안동, 단지상가 111호)"
1042,하안5점,경기도 광명시 하안1동 702-2 5단지 일반상가 109
1043,하안7점,경기도 광명시 하안3동 295-1 주공7단지 종합상가 106
1044,하안9점,경기도 광명시 하안동 13-2 9단지 종합상가 101
1045,학다리점,강원도 홍천군  홍천읍 꽃뫼로 120
1046,학성점,강원도 원주시 천사로 164(일산동)
1047,학익점,인천광역시 미추홀구 한나루로 425  1층
1048,학장점,부산광역시 사상구 학감대로 129
1049,학하.한밭대점,대전광역시 유성구 학하남로19번길 16(계산동)
1050,한대역점,"경기도 안산시상록구 사동 1186-8, 101호"
1051,한림점,제주특별자치도 제주시 한림읍 한림중앙로 3-1
1052,한솔새롬점,세종특별자치시  새롬북로 13
1053,한솔점,"경기도 성남시분당구 정자로 113, 한솔마을5단지상가101호(정자동)"
1054,한신점,인천광역시 서구 서곶로 12 한신종합상가 208호
1055,한아름점,경기도 부천시원미구 상동 393
1056,한주점,경기도 의정부시 평화로322번길 18(호원동)
1057,함덕점,제주특별자치도 제주시 초천읍 평사길 4-3
1058,함백점,강원도 정선군 신동읍 함백로 319
1059,함양점,경상남도 함양군 함양읍 용평리 702-12
1060,함평점,전라남도 함평군 함평읍 광남길 83
1061,합덕점,충청남도 당진시 합덕읍 합덕시장로 176
1062,합정동점,서울특별시 마포구 포은로 52(합정동)
1063,합포점,경상남도 창원시마산합포구 장군동4가 24-6
1064,해남점,전라남도 해남군 해남읍 중앙1로 98
1065,해미점,충청남도 서산시 해미면 남문5로 4
1066,해방촌점,서울특별시 용산구 용산동2가 1-46
1067,해운대점,부산광역시 해운대구 우동 541-5 해운대비치오피스텔 101
1068,해운대좌동주공2,부산광역시 해운대구 좌동순환로 118 주공2단지 분산상가 나-105
1069,행당동점,"서울특별시 성동구 행당로 119 (행당동,1층)"
1070,향남점,경기도 화성시 향남읍 행정리 472-2 
1071,혁신점,강원도 원주시 건강로 17-3 (101)
1072,혁신점(충북),충청북도 진천군 덕산읍 두촌리 2463
1073,현대점(수원),경기도 수원시권선구 세지로82번길 37(권선동)
1074,현리점,"경기도 가평군 조종면 현창로 50, 1층"
1075,호계매곡점,울산광역시 북구 호계동 255-9
1076,호계사거리점,"경기도 안양시동안구 경수대로507번 13, 상가동 101호 (호계동,정화연립)"
1077,호성점,전라북도 전주시덕진구 호성동 2길 9
1078,호원점,경기도 의정부시 신흥로 119번길 54
1079,홍도점,대전광역시 동구 홍도동 72-32
1080,홍성2점,충청남도 홍성군 홍성읍 조양로 190
1081,홍성주공점,충청남도 홍성군 홍성읍 문화로72번길 92
1082,홍은1점,서울특별시 서대문구 홍은2동 9-56 1층
1083,홍은동점,서울특별시 서대문구 홍은동 427-4
1084,홍익대점,"서울특별시 마포구 독막로22길 21, 1층101호(창전동)"
1085,홍익점,"경기도 안성시 금광면 종합운동장로 132, 홍익아파트상가 107"
1086,화곡1점,"서울특별시 강서구 월정로28길 24(화곡동, 1층)"
1087,화명점,부산광역시 북구 화명동 1417-6
1088,화봉.연암점,울산광역시 북구 송내1길 18(화봉동)
1089,화서점,경기도 수원시팔달구 팔달로127번길 16-4(화서동)
1090,화성마도점,경기도 화성시 마도면 석교로 171
1091,화성시청점,경기도 화성시 남양읍 역골로 3-20 
1092,화순점,전라남도 화순군 화순읍 광덕로 142
1093,화양동점,"서울특별시 광진구 능동로13길 70(화양동, 1층)"
1094,화원점,"대구광역시 달성군 화원읍 화원로2길, 27"
1095,화정점,광주광역시 서구 화정동 766-1
1096,환호점,경상북도 포항시북구 삼호로 458
1097,황간점,충청북도 영동군 황간면 남성리 558-1
1098,황성점,경상북도 경주시 용담로92번길 43-4
1099,황제점,대구광역시 서구 내당동 69-26
1100,회원교방점,경상남도 창원시마산회원구 회원남로 39-1
1101,횡성점,강원도 횡성군 횡성읍 태기로 35
1102,횡성중앙점,"강원도 횡성군 횡성읍 문정로19번길, 13-3"
1103,효가리점,"강원도 동해시 청운로 71(쇄운동, 104)"
1104,효돈점,제주특별자치도 서귀포시 하효동 142-1
1105,효성1점,인천광역시 계양구 효성2동 273-91 층
1106,효성2점,인천광역시 계양구 효성1동 31-4
1107,효성점,인천광역시 남동구 백범로247번길 93-26
1108,효자점(포항),경상북도 포항시남구 효자동 119-1
1109,후곡점,경기도 고양시일산서구 강선로 140
1110,후평2동점,강원도 춘천시 후만로 37
1111,후포점,경상북도 울진군 후포면 후포리 623-130
1112,훼미리점,"서울특별시 송파구 중대로 24(문정동, 훼미리상가125호)"
1113,휴먼시아점,"서울특별시 금천구 금하로1가길 28 (독산동,지상1층)"
1114,휴천점,경상북도 영주시 휴천2동 303-21
1115,흑석동점,서울특별시 동작구 흑석동 96-3
1116,흥업점,강원도 원주시 흥업면 남원로 82
1117,흥해점,경상북도 포항시북구 흠해흡 초곡지구로52번길 28-6
1118,흰돌점,경기도 고양시일산동구 일산로 11 
1119,CNTTEST,00 18 신사동 주소
