아이폰,18
출시,6
애플,5
서울,5
고객,4
행사,4
판매량,3
예상,3
매장,3
국내,3
본격,3
다음,3
온라인,3
전날,3
금제,3
전작,2
자급,2
알뜰폰,2
인기,2
가로수길,2
시장,2
전망,2
업계,2
이통,2
예약판매,2
교체,2
프로,2
맥스,2
미니,2
시작,2
올해,2
비대,2
텔레콤,2
개장,2
구매,2
라이브,2
수,2
유플러스,2
일상,2
비일,2
상의,2
일부,2
요금,2
조합,1
신제품,1
정식,1
오전,1
강남구,1
신사동,1
시민,1
사진,1
연합뉴스,1
세대,1
스마트폰,1
직후,1
하루,1
흥행,1
조짐,1
보이,1
전자,1
독주,1
출사표,1
대결,1
이동통신,1
개통,1
첫날,1
이상,1
기록,1
지난,1
진행,1
실적,1
최대,1
것,1
추산,1
가량,1
수준,1
수년,1
기기,1
고민,1
충성,1
결심,1
판단,1
고려,1
더욱,1
예정,1
전후,1
각종,1
다만,1
신종,1
코로나바이러스,1
감염증,1
코로나,1
여파,1
소규모,1
마련,1
최근,1
홍대,1
거리,1
플래그,1
팩토리,1
