name,addrs
상명대학교사범대학부속초등학교,서울특별시 종로구 홍지문2길 1 상명대학교사범대학부속초등학교 (홍지동. 상명대학교 7번지)
서울교동초등학교,서울특별시 종로구 경운동 2번지(삼일대로 446)
서울대학교사범대학부설초등학교,서울특별시 종로구 대학로64
서울독립문초등학교,서울특별시 종로구 무악동 (무악동 46-82)
서울매동초등학교,서울특별시 종로구 사직로9길 19 서울 매동초등학교
서울명신초등학교,서울특별시 종로구 창신3동 7-40번지
서울세검정초등학교,서울 종로구 신영동 219-4번지
서울숭신초등학교,서울특별시 종로구 숭인동 242-1
서울재동초등학교,서울특별시 종로구 가회동 (가회동 210번지)
서울창신초등학교,서울 종로구 창신1동 (창신1동 128번지)
서울청운초등학교,서울특별시 종로구 청운동 (청운동 123번지)
서울혜화초등학교,서울특별시 종로구 혜화로 32 (혜화동 13-1)
서울효제초등학교,서울 종로구 효제동 (효제동 255-4)
운현초등학교,서울특별시 종로구 운니동 (운니동 114번지)
동산초등학교,서울특별시 중구 매봉 18길 109 (신당4동 333-579번지)
리라초등학교,서울특별시 중구 소파로 2길 7 리라초등학교
서울광희초등학교,서울특별시 중구 신당동 (신당동 254번지)
서울남산초등학교,서울특별시 중구 퇴계로22길 17 (남산동 2가 2번지)
서울덕수초등학교,서울특별시 중구 덕수궁길 140 (정동 1-76번지)
서울봉래초등학교,서울특별시 중구 손기정로 73 (만리동2가)
서울신당초등학교,서울특별시 중구 신당5동 161
서울장충초등학교,서울특별시 중구 신당2동 (신당2동 386)
서울청구초등학교,서울 중구 신당4동 (신당4동 330-2)
서울충무초등학교,서울특별시 중구 퇴계로 50길 13 (장충동2가 173-7)
서울흥인초등학교,서울특별시 중구 신당6동 (신당6동 292-66)
숭의초등학교,서울특별시 중구 예장동 (예장동 8-3)
서울금양초등학교,서울특별시 용산구 효창동 126-4
서울남정초등학교,서울 용산구 원효로2가 64길 (원효로2가 54번지)
서울보광초등학교,서울특별시 용산구 우사단로 20 (이태원1동 15-13번지)
서울삼광초등학교,서울특별시 용산구 두텁바위로1나길19
서울서빙고초등학교,서울특별시 용산구 서빙고로 51길 14번지
서울신용산초등학교,서울특별시 용산구 이촌1동 301-75번지
서울용산초등학교,서울 용산구 한강대로 57길 33 (한강로2가 1번지)
서울용암초등학교,서울특별시 용산구 용산동2가 녹사평대로 60길 39 (용산동2가 5-1488)
서울원효초등학교,서울특별시 용산구 산천동 (산천동 산4-2번지)
서울이태원초등학교,서울특별시 용산구 이태원2동 (이태원2동 406번지)
서울청파초등학교,서울특별시 용산구 효창원로 228 1-42
서울한강초등학교,서울특별시 용산구 한강로3가 14길 9 (한강로3가 65-5)
서울한남초등학교,서울 용산구 한남대로112(한남2동 726-1번지)
서울후암초등학교,서울특별시 용산구 후암동 339번지
신광초등학교,서울특별시 용산구 청파동3가 (청파동3가100번지)
서울경동초등학교,서울특별시 성동구 성수1가1동 성수1로 34
서울경수초등학교,서울특별시 성동구 성수2가1동 22
서울경일초등학교,서울 성동구 성수1가1동 656-32번지
서울금북초등학교,서울 성동구 금호동1가 행당로1길 13
서울금옥초등학교,서울특별시 성동구 금호동4가 1254번지
서울금호초등학교,서울 성동구 금호동2가 69
서울동명초등학교,서울특별시 성동구 마장동 29(마장동 560-0)
서울동호초등학교,서울특별시 성동구 동호로 5길 133
서울마장초등학교,서울특별시 성동구 마장동 766-49
서울무학초등학교,서울특별시 성동구 하왕십리2동 950-1번지
서울사근초등학교,서울특별시 성동구 사근동 11길 16
서울성수초등학교,서울 성동구 성수2가3동 277-32
서울송원초등학교,서울특별시 성동구 동일로43길 9 (송정동)
서울옥수초등학교,서울특별시 성동구 금호동4가 440-12번지
서울옥정초등학교,서울특별시 성동구 옥수2동 233-16번지
서울용답초등학교,서울 성동구 용답동 29번지
서울응봉초등학교,서울 성동구 응봉동 독서당로 62길
서울행당초등학교,서울특별시 성동구 행당동 320번지
서울행현초등학교,서울특별시 성동구 행당2동 317-18
한양초등학교,서울특별시 성동구 행당동 17번지
경복초등학교,서울 광진구 능동 25번지
서울광남초등학교,서울특별시 광진구 광장동 아차산로 70길 35
서울광장초등학교,서울특별시 광진구 광장동 광장로1길 27 서울광장초등학교
서울광진초등학교,서울특별시 광진구 구의동 자양로 40길 41
서울구남초등학교,서울 광진구 구의3동 587-95번지
서울구의초등학교,서울특별시 광진구 광나루로 30길 49
서울동의초등학교,서울 광진구 구의2동 영화사로 111
서울동자초등학교,서울특별시 광진구 자양3동 561
서울성자초등학교,서울특별시 광진구 자양2동 662
서울신양초등학교,서울 광진구 자양3동 506-1번지
서울신자초등학교,서울 광진구 자양동 뚝섬로 46길 64
서울양남초등학교,서울특별시 광진구 자양2동 (자양동. 서울양남초등학교)
서울양진초등학교,서울특별시 광진구 광장동 워커힐길 32
서울용곡초등학교,서울특별시 광진구 중곡4동 176-1
서울용마초등학교,서울특별시 광진구 중곡2동 135-1번지
서울자양초등학교,서울특별시 광진구 자양1동 222-6(자양새싹길 14)
서울장안초등학교,서울특별시 광진구 군자동 74
서울중광초등학교,서울특별시 광진구 중곡3동 중광초등학교
서울중마초등학교,서울 광진구 중곡3동 191-70번지
서울화양초등학교,서울특별시 광진구 화양동 12-2
성동초등학교,서울특별시 광진구 자양동 694-1
세종초등학교,서울특별시 광진구 군자동 98번지
경희초등학교,동대문구 1번지(경희대로26) 경희대학교 병설 경희초등학교
서울군자초등학교,서울특별시 동대문구 장안1동 239-2
서울답십리초등학교,서울특별시 동대문구 답십리동 274번지
서울동답초등학교,서울특별시 동대문구 답십리2동 2-24
서울배봉초등학교,서울특별시 동대문구 전농2동 3-111 (전농동. 서울배봉초등학교)
서울삼육초등학교,서울특별시 동대문구 회기동 삼육새싹1길 41
서울신답초등학교,서울특별시 동대문구 답십리3동 177번지
서울안평초등학교,서울특별시 동대문구 장안1동 353-1
서울용두초등학교,서울특별시 동대문구 용두2동 237-1
서울이문초등학교,서울특별시 동대문구 이문3동 164-26
서울장평초등학교,서울 동대문구 장안2동 323번지
서울전곡초등학교,서울특별시 동대문구 전농2동 172
서울전농초등학교,서울특별시 동대문구 전농동 306
서울전동초등학교,서울특별시 동대문구 전농3동 45-41
서울종암초등학교,서울특별시 동대문구 제기2동 1157
서울청량초등학교,서울특별시 동대문구 회기동 1-1
서울홍릉초등학교,서울특별시 동대문구 청량리2동 206-44
서울홍파초등학교,서울특별시 동대문구 제기동 678
서울휘경초등학교,서울특별시 동대문구 휘경2동 302-2
서울휘봉초등학교,서울특별시 동대문구 휘경2동 6~68 49-27
은석초등학교,서울 동대문구 장안2동 328
금성초등학교,서울특별시 중랑구 신내동 (651번지)
서울동원초등학교,서울특별시 중랑구 망우1동 216
서울망우초등학교,서울 중랑구 망우동 153-1
서울면남초등학교,서울특별시 중랑구 면목7동 583-15
서울면동초등학교,서울 중랑구 면목본동 551
서울면목초등학교,서울특별시 중랑구 면목1동 221
서울면북초등학교,서울 중랑구 용마공원로 5길 32
서울면일초등학교,서울 중랑구 망우3동 440번지
서울면중초등학교,서울특별시 중랑구 면목3동 용마산로 70길 43
서울묵동초등학교,서울 중랑구 중화1동 277-1
서울묵현초등학교,서울특별시 중랑구 동일로 157길 75
서울봉화초등학교,서울 중랑구 신내2동 655
서울상봉초등학교,서울특별시 중랑구 상봉동 312-1
서울신내초등학교,서울특별시 중랑구 신내1동 444번지
서울신묵초등학교,서울특별시 중랑구 묵2동 246-12
서울신현초등학교,서울특별시 중랑구 봉화산길 188
서울원묵초등학교,서울특별시 중랑구 묵1동 109번지
서울중곡초등학교,서울 중랑구 면목4동 면목 23길 20
서울중랑초등학교,서울 중랑구 면목2동 서울중랑초등학교
서울중목초등학교,서울특별시 중랑구 면목2동 180-5
서울중화초등학교,서울특별시 중랑구 신내동 서울중화초등학교
서울중흥초등학교,서울특별시 중랑구 중화동 119 서울중흥초등학교
광운초등학교,서울특별시 성북구 장위3동 128번지
대광초등학교,서울특별시 성북구 보문동 7가 111번지
매원초등학교,서울특별시 성북구 돈암1동 45(북악산길 870)
서울개운초등학교,서울 성북구 돈암1동 2-8번지
서울길원초등학교,서울특별시 성북구 길음동 1280-4
서울길음초등학교,서울 성북구 길음로 142
서울돈암초등학교,서울특별시 성북구 동소문동6가 27-1
서울동신초등학교,서울특별시 성북구 보문동3가 228번지
서울미아초등학교,서울 성북구 길음2동 1168번지
서울삼선초등학교,서울특별시 성북구 삼선동 3가 삼선초등학교
서울석계초등학교,서울특별시 성북구 석관동 (석관동.서울석계초등학교)
서울석관초등학교,서울특별시 성북구 석관동 감나무길 15(석관동 205번지)
서울성북초등학교,서울특별시 성북구 성북동 66-1
서울숭곡초등학교,서울특별시 성북구 하월곡1동 40길 30번
서울숭덕초등학교,서울특별시 성북구 정릉로 279
서울숭례초등학교,서울특별시 성북구 종암동 종암로5길 14
서울숭인초등학교,서울특별시 성북구 하월곡동 222-4
서울안암초등학교,서울특별시 성북구 안암동2가 93
서울월곡초등학교,서울특별시 성북구 장월로3길 42
서울일신초등학교,서울 성북구 종암2동 1-79번지
서울장곡초등학교,서울특별시 성북구 장위1동 235-1번지
서울장월초등학교,서울특별시 성북구 장위동 (장위동)
서울장위초등학교,서울특별시 성북구 장위2동 68-8번지(장월로 8가길 41)
서울정덕초등학교,서울특별시 성북구 동소문동7가 118-1
서울정릉초등학교,서울특별시 성북구 정릉4동 798
서울정수초등학교,서울 성북구 정릉2동 58
서울청덕초등학교,서울특별시 성북구 정릉3동 9라길11(정릉3동847)
성신초등학교,서울특별시 성북구 돈암동 산11-269
우촌초등학교,서울특별시 성북구 돈암2동 52-1
서울미양초등학교,서울특별시 강북구 삼양동 837-687
서울번동초등학교,서울 강북구 번동 236번지 서울번동초등학교
서울삼각산초등학교,서울특별시 강북구 미아동 삼양로 19길 141(미아동)
서울삼양초등학교,서울특별시 강북구 미아동 791-1932번지
서울송중초등학교,서울특별시 강북구 송중동 94-1
서울송천초등학교,서울특별시 강북구 미아5동 송천초등학교 438번지
서울수송초등학교,서울 강북구 번1동 456번지(충효길 12)
서울수유초등학교,서울특별시 강북구 수유1동 55-5번지
서울오현초등학교,서울특별시 강북구 번3동 248번지
서울우이초등학교,서울특별시 강북구 수유5동 36
서울유현초등학교,서울특별시 강북구 수유1동 466-52번지
서울인수초등학교,서울특별시 강북구 인수봉로 269
서울화계초등학교,서울특별시 강북구 미아동 127-2
영훈초등학교,서울특별시 강북구 미아동 471-2
동북초등학교,서울특별시 도봉구 시루봉로 53 (쌍문동) 263번지
서울가인초등학교,서울특별시 도봉구 창동 224-20
서울누원초등학교,서울특별시 도봉구 도봉2동 859-44(도봉2동)
서울도봉초등학교,서울특별시 도봉구 도봉1동 산75번지 (새주소: 서울특별시 도봉구 도봉로 173길 96)
서울방학초등학교,서울특별시 도봉구 방학동 302
서울백운초등학교,서울특별시 도봉구 삼양로 146길 17 (쌍문 1동)
서울숭미초등학교,서울 도봉구 쌍문1동 서울숭미초등학교
서울신방학초등학교,서울 도봉구 방학3동 310번지
서울신창초등학교,서울 도봉구 창3동 60길93
서울신학초등학교,서울특별시 도봉구 방학동 247-21
서울신화초등학교,서울특별시 도봉구 우이천길120 (창3동 504-33)
서울쌍문초등학교,서울특별시 도봉구 쌍문1동 쌍문초등학교
서울오봉초등학교,서울특별시 도봉구 시루봉길 285 서울오봉초등학교
서울월천초등학교,서울특별시 도봉구 창4동 노해로70길 96
서울자운초등학교,서울특별시 도봉구 창4동 13길 166
서울창경초등학교,서울특별시 도봉구 쌍문동 72
서울창도초등학교,서울 도봉구 방학1동 722(방학로 88-1)
서울창동초등학교,서울특별시 도봉구 해등로 16길 81 서울창동초등학교
서울창림초등학교,서울특별시 도봉구 덕릉로 63길 46번지 411-8
서울창원초등학교,서울특별시 도봉구 창5동 308
서울창일초등학교,서울특별시 도봉구 창1동 371
서울초당초등학교,서울특별시 도봉구 방학동 해등로 32길 11
한신초등학교,서울특별시 도봉구 노해로 49길 69(쌍문동)
상명초등학교,서울 노원구 중계3동 덕릉로 541번지(중계3동 515-1)
서울계상초등학교,서울특별시 노원구 상계5동 447-1
서울공릉초등학교,서울특별시 노원구 공릉1동 173길 12
서울공연초등학교,서울특별시 노원구 공릉동 371-10
서울노원초등학교,서울 노원구 동일로 230 나길 32
서울노일초등학교,서울특별시 노원구 동1로 1625
서울녹천초등학교,서울특별시 노원구 월계3동 322-2번지
서울당현초등학교,서울특별시 노원구 상계6.7동 동일로213(건물번호56)
서울덕암초등학교,서울특별시 노원구 상계동  1274번지 1274
서울동일초등학교,서울 노원구 상계8동 한글비석로 566
서울불암초등학교,서울 노원구 중계본동 366-2
서울상경초등학교,서울특별시 노원구 상계8동 621(수락산길 237)
서울상계초등학교,서울특별시 노원구 상계2동 402-1
서울상곡초등학교,서울특별시 노원구 상계동 678
서울상수초등학교,서울특별시 노원구 상계7동 66(상계동)
서울상원초등학교,서울특별시 노원구 상계9동 645번지(한글비석로 54길 119)
서울상월초등학교,서울 노원구 상계10동 동일로 221길 27
서울상천초등학교,서울특별시 노원구 상계6동 768(당고개길 9)
서울선곡초등학교,서울 노원구 월계1동 446번지(선곡길1)
서울수락초등학교,서울 노원구 상계1동 1171-2번지
서울수암초등학교,서울특별시 노원구 중계로12가길 9 서울수암초등학교
서울신계초등학교,서울특별시 노원구 월계2동 602번지 (초안산로 29)
서울신상계초등학교,서울특별시 노원구 상계4동 86-1번지
서울연지초등학교,서울특별시 노원구 월계로 55길 48
서울연촌초등학교,서울특별시 노원구 공릉로 58길 36(하계동)
서울온곡초등학교,서울 노원구 상계9동 638번지(한글비석로 52길 59)
서울용동초등학교,서울특별시 노원구 중계3동 510-1번지(소방서길 41-1)
서울용원초등학교,서울특별시 노원구 공릉3동 709번지 (섬밭길 144)
서울원광초등학교,서울특별시 노원구 덕릉로 76길 18
서울월계초등학교,서울특별시 노원구 월계동 561
서울을지초등학교,서울특별시 노원구 중계로 239
서울중계초등학교,서울특별시 노원구 중계4동 449-2번지
서울중원초등학교,서울특별시 노원구 중계2동 (중계2.3동)중원초등학교
서울중평초등학교,서울특별시 노원구 섬밭로 241
서울중현초등학교,서울특별시 노원구 하계2동 181
서울청계초등학교,서울 노원구 중계3동 공릉로 431(중계동)
서울태랑초등학교,서울특별시 노원구 공릉2동 116번지
서울태릉초등학교,서울특별시 노원구 공릉동 36번지
서울한천초등학교,서울특별시 노원구 월계3동 3-7
청원초등학교,서울특별시 노원구 상계9동 506
태강삼육초등학교,서울특별시 노원구 공릉2동 26-39(화랑로 813)
화랑초등학교,서울특별시 노원구 화랑로 621
서울갈현초등학교,서울특별시 은평구 갈현2동 451-15 (연서로29길31)
서울구산초등학교,서울 은평구 구산동 152-3(서오릉로 15길 16)
서울구현초등학교,서울특별시 은평구 구산동 산41-1 (갈현로 15길 51)
서울녹번초등학교,서울특별시 은평구 녹번로1길 1
서울대은초등학교,서울 은평구 대조동 82(통일로 69길 12-15)
서울대조초등학교,서울특별시 은평구 대조동 212-1(연서로 18길 17)
서울북한산초등학교,서울특별시 은평구 진관동 산 3(대서문길 42-3)
서울불광초등학교,서울특별시 은평구 불광동 272-2 (불광로 51)
서울상신초등학교,서울특별시 은평구 신사동 230-11 (가좌로 361)
서울서신초등학교,서울특별시 은평구 신사동 194 (은평터널로 150)
서울수리초등학교,서울특별시 은평구 불광1동 17(불광로 247)
서울수색초등학교,서울특별시 은평구 수색동 127번지 (수색로 16길 21)
서울신도초등학교,서울특별시 은평구 진관동 108번지 (진관1로 77-23)
서울신사초등학교,서울 은평구 신사2동 98-32
서울역촌초등학교,서울특별시 은평구 은평로 3길 25
서울연광초등학교,서울특별시 은평구 불광동 연서로 35길 37
서울연신초등학교,서울 은평구 불광동 73-1(연서로 347) (불광동. 연신초등학교)
서울연은초등학교,서울특별시 은평구 응암2동 242-424
서울연천초등학교,서울특별시 은평구 불광2동 346-153번지(연서로34길 22)
서울은명초등학교,서울 은평구 응암동 114-12 (은평로 4길 21-9)
서울은빛초등학교,서울특별시 은평구 진관3로 73-17
서울은진초등학교,서울특별시 은평구 진관동 104 (진관1로 21-20)
서울은평초등학교,서울특별시 은평구 녹번동 40-3(은평길 239)
서울응암초등학교,서울 은평구 응암3동 가좌로6길 20
서울증산초등학교,서울특별시 은평구 증산동 212번지 (비단길 61)
서울진관초등학교,서울특별시 은평구 진관동 14-13(진관4로 78-16)
선일초등학교,서울 은평구 갈현2동 240-1번지(갈현로 29길 27)
알로이시오초등학교,서울 은평구 20-11 (백련산로 14길)
예일초등학교,서울 은평구 구산동 8-3(연서로117)
은혜초등학교,서울특별시 은평구 불광동 331-27 (통일로78가길 20)
충암초등학교,서울 은평구 응암동 272-113 (9가좌로5길 5)
경기초등학교,서울특별시 서대문구 충정로2가 70-2 (경기대로9길10)
명지초등학교,서울특별시 서대문구 명지2길 32-20 (홍은동)
서울고은초등학교,서울 서대문구 홍제동 320-3번지 (모래내길 30)
서울금화초등학교,서울특별시 서대문구 천연동 13-1 (통일로 165)
서울대신초등학교,서울 서대문구 대현동 67-1(이화여대2길 27)
서울미동초등학교,서울특별시 서대문구 미근동 36번지(충정로 52)
서울북가좌초등학교,서울특별서 서대문구 북가좌1동 376-17 (거북골로19길 20)
서울북성초등학교,서울특별시 서대문구 북아현동 215번지 (북아현로 5나길 84)
서울안산초등학교,서울특별시 서대문구 홍제동 44 (통일로 321)
서울연가초등학교,서울특별시 서대문구 남가좌동 364-6 (증가로12가길 49-50)
서울연희초등학교,서울 서대문구 연희동 88-1(연희로 136)
서울인왕초등학교,서울 서대문구 홍제동 245-1 (서대문 세무서길 33-9)
서울창서초등학교,서울 서대문구 창천동 53-38(연세로5나길30-3)
서울홍연초등학교,서울 서대문구 홍은2동 305(백련사길 55)
서울홍은초등학교,서울특별시 서대문구  홍제3동 286-5번지(세검정길 105)
서울홍제초등학교,서울특별시 서대문구 홍은 1동 48(홍은중앙로 13)
이화여자대학교사범대학부속초등학교,서울특별시 서대문구 성산로 512-39 (대신동 20번지)
추계초등학교,서울특별시 서대문구 북아현로11가길 7(북아현동)
서울공덕초등학교,서울특별시 마포구 공덕동 256-4 (만리재옛길 13)
서울동교초등학교,서울특별시 마포구 월드컵로 25길 86
서울마포초등학교,서울특별시 마포구 도화동 347-5 (도화 2길 64)
서울망원초등학교,서울 마포구 망원동 467-1(마포구 방울내로5길 28 )
서울상암초등학교,서울특별시 마포구 월드컵북로 353 상암초등학교
서울상지초등학교,서울특별시 마포구 상암동 1676 (월드컵로42길 30)
서울서강초등학교,서울 마포구 상수동 105번지 (마포구 독막로 113)
서울서교초등학교,서울특별시 마포구 서교동 서교동 341(와우산로 23길 20-27)
서울성산초등학교,서울특별시 마포구 합정동 427-2번지 서울특별시 마포구 양화로3길 94
서울성서초등학교,서울특별시 마포구 성산1동 산23-2(등마루1길 10)
서울성원초등학교,서울특별시 마포구 월드컵로 36길 34
서울소의초등학교,서울특별시 마포구 아현동 386-1 (마포대로24길 42)
서울신북초등학교,서울 마포구 중동 43 (월드컵북로 38길 26)
서울신석초등학교,서울특별시 마포구 신수동 445-1 (서울특별시 마포구 대흥로 33 신수동.서울신석초등학교)
서울아현초등학교,서울 마포구 아현동 267 (굴레방로 6)
서울염리초등학교,서울특별시 마포구 염리동 173-4 (토정로 37길 37)
서울용강초등학교,서울 마포구 대흥동35-1 (백범로 17길 9)
서울중동초등학교,서울특별시 마포구 성산동 94-1(월드컵북로 152)
서울창천초등학교,서울 마포구 노고산동 백범로1가 56 서울창천초등학교
서울하늘초등학교,서울특별시 마포구 상암동 500~799 502-14(구상암동594) (월드컵북로 502-14)
서울한서초등학교,서울 마포구 대흥로 24바길 27
홍익대학교사범대학부속초등학교,서울특별시 마포구 성산동 산 11-31 (성미산로 51)
서울갈산초등학교,서울특별시 양천구 신정7동 330-10
서울강서초등학교,서울특별시 양천구 신월4동 441번지
서울강신초등학교,서울특별시 양천구 신월5동 6-7번지
서울강월초등학교,서울특별시 양천구 신월7동 (신월동.서울강월초등학교)
서울경인초등학교,서울특별시 양천구 목동 911-4
서울계남초등학교,서울특별시 양천구 신정7동 325-7
서울남명초등학교,서울특별시 양천구 신정3동 653-5번지
서울목동초등학교,서울특별시 양천구 신정동 86-2번지
서울목운초등학교,서울특별시 양천구 목동 922
서울목원초등학교,서울특별시 양천구 목5동 929번지 서울목원초등학교
서울서정초등학교,서울특별시 양천구 목동 927-5
서울신강초등학교,서울특별시 양천구 신월2동 448-5
서울신기초등학교,서울특별시 양천구 신정3동 1274번지
서울신남초등학교,서울 양천구 신월동 590-1
서울신목초등학교,서울특별시 양천구 신정2동 281 서울신목초등학교
서울신서초등학교,서울특별시 양천구 목동서로 10길 35
서울신원초등학교,서울특별시 양천구 신월3동 202-1번지
서울신은초등학교,서울특별시 양천구 신정동 신정이펜2로 30
서울양강초등학교,서울특별시 양천구 신월2동 496번지
서울양동초등학교,서울특별시 양천구 신정4동 941번지 서울양동초등학교
서울양명초등학교,서울 양천구 신정1동 543번지
서울양목초등학교,서울 양천구 신정4동 1001번지
서울양원초등학교,서울특별시 양천구 신월3동 40-1
서울양화초등학교,서울 양천구 목2동 542번지
서울영도초등학교,서울특별시 양천구 목5동 903-1
서울월촌초등학교,서울특별시 양천구 목동 901-1번지
서울은정초등학교,서울특별시 양천구 신정7동 276
서울장수초등학교,서울특별시 양천구 신정3동 1288-2번지
서울정목초등학교,서울특별시 양천구 목4동 목동 757-1번지
서울지향초등학교,서울 양천구 신정3동 1284
서울가곡초등학교,서울특별시 강서구 공항대로 36길 74
서울가양초등학교,서울 강서구 허준로 186 (가양3동. 서울가양초등학교)
서울개화초등학교,서울 강서구 방화1동 501-3 개화초등학교
서울공진초등학교,서울특별시 강서구 가양2동 1477번지
서울공항초등학교,서울특별시 강서구 공항동 5-1
서울내발산초등학교,서울특별시 강서구 내발산2동 내발산 707
서울등마초등학교,서울특별시 강서구 등촌2동 산86번지
서울등명초등학교,서울 강서구 등촌3동 690-2번지
서울등서초등학교,서울특별시 강서구 화곡6동 1130-4 번지 서울등서초등학교
서울등양초등학교,서울특별시 강서구 등촌3동 691
서울등원초등학교,서울특별시 강서구 등촌3동 704-1 서울등원초등학교
서울등촌초등학교,서울특별시 강서구 등촌2동 등촌로 39길71
서울등현초등학교,서울특별시 강서구 등촌동 702-5 등현초등학교
서울발산초등학교,서울특별시 강서구 내발산1동 발산초등학교 서울발산초등학교
서울방화초등학교,서울 강서구 방화2동 542-2 서울방화초등학교
서울백석초등학교,서울 강서구 등촌1동 650-14번지
서울삼정초등학교,서울특별시 강서구 방화3동 798
서울송정초등학교,서울 강서구 공항로 652
서울송화초등학교,서울특별시 강서구 방화1동 240-6번지
서울수명초등학교,서울특별시 강서구 수명로1길 84 서울 강서구 내발산동 797-365
서울신곡초등학교,서울특별시 강서구 화곡4동 42-14
서울신월초등학교,서울특별시 강서구 화곡1동 1080번지
서울신정초등학교,서울특별시 강서구 화곡2동 869-42
서울양천초등학교,서울 강서구 가양1동 양천로 329
서울염강초등학교,서울특별시 강서구 가양3동 1492(가양큰길 63-2)
서울염경초등학교,서울특별시 강서구 양천로 69길 49
서울염동초등학교,서울특별시 강서구 염창동 45-4번지 (하염창길9-0)
서울염창초등학교,서울특별시 강서구 염창동 269번지
서울우장초등학교,서울특별시 강서구 화곡동 18-5
서울월정초등학교,서울특별시 강서구 화곡7동 374번지
서울정곡초등학교,서울특별시 강서구 방화3동 836번지
서울치현초등학교,서울 강서구 방화3동 47길 43
서울탑산초등학교,서울특별시 강서구 가양2동 1472번지
서울화곡초등학교,서울특별시 강서구 화곡본동 24-266번지(초록마을길 32)
서울화일초등학교,서울특별시 강서구 화곡본동 61-184
유석초등학교,서울특별시 강서구 등촌3동 화곡로69길 9 (등촌동)
서울개명초등학교,서울 구로구 개봉3동 산664-21
서울개봉초등학교,서울특별시 구로구 개봉3동 266번지
서울개웅초등학교,서울특별시 구로구 개봉동 산53-25
서울고산초등학교,서울특별시 구로구 고척1동 76-10
서울고원초등학교,서울 구로구 고척동 66-26 서울고원초등학교
서울고척초등학교,서울특별시 구로구 고척1동 130번지
서울구로남초등학교,서울특별시 구로구 구로3동 253번지
서울구로초등학교,서울특별시 구로구 구로본동 443 서울구로초등학교
서울구일초등학교,서울 구로구 구로1동 구일로 68
서울덕의초등학교,서울특별시 구로구 고척2동 217(고척동길 146)
서울동구로초등학교,서울 구로구 구로6동 43 (구로동)
서울매봉초등학교,서울시 구로구 개봉1동 3번지
서울미래초등학교,서울특별시 구로구 구로5동 3-13 서울미래초등학교
서울세곡초등학교,서울 구로구 고척2동 253번지
서울신구로초등학교,서울특별시 구로구 구로5동 105번지
서울신도림초등학교,서울특별시 구로구 신도림동 44번지(신도림동)
서울신미림초등학교,서울 구로구 신도림동 398-28
서울영서초등학교,서울특별시 구로구 구로동 165-1
서울영일초등학교,서울 구로구 가리봉동 17번지
서울오류남초등학교,서울특별시 구로구 오류2동 191-1
서울오류초등학교,서울특별시 구로구 오류동 15번지
서울오정초등학교,서울특별시 구로구 오류2동 108-28번지(오정길 6)
서울온수초등학교,서울특별시 구로구 부일로 893번지
서울천왕초등학교,서울특별시 구로구 천왕로1길 11 천왕초등학교
동광초등학교,서울특별시 금천구 시흥동 산100-4번지
서울가산초등학교,서울특별시 금천구 독산1동 143-23
서울금동초등학교,서울 금천구 시흥2동 1013-1
서울금산초등학교,서울 금천구 시흥동 653-27
서울금천초등학교,서울특별시 금천구 시흥5동 218-6
서울독산초등학교,서울 금천구 독산2동 1034번지(시흥대로 104길 31호)
서울두산초등학교,서울특별시 금천구 독산1동 1002-5
서울문교초등학교,서울특별시 금천구 독산동 산202-1번지
서울문백초등학교,서울특별시 금천구 시흥1동 43-1(시흥동. 문백초등학교)
서울문성초등학교,서울특별시 금천구 독산동 시흥대로460
서울백산초등학교,서울특별시 금천구 시흥5동 438-5
서울시흥초등학교,서울 금천구 시흥동 841-19
서울신흥초등학교,서울특별시 금천구 시흥동 시흥동 704-56
서울안천초등학교,서울 금천구 독산1동 한내로 69-16
서울영남초등학교,서울특별시 금천구 독산3동 59-27번지(산기슭1길 60)
서울정심초등학교,서울특별시 금천구 독산4동 182-44번지
서울탑동초등학교,서울특별시 금천구 시흥2동 230번지
서울흥일초등학교,서울특별시 금천구 시흥4동 792-1
서울당산초등학교,서울 영등포구 양평동4가 323번지
서울당서초등학교,서울특별시 영등포구 당산동5가 5-3 (당산로 187)
서울당중초등학교,서울특별시 영등포구 양평동 3가 42번지
서울대길초등학교,서울 영등포구 신길6동 4482번지
서울대동초등학교,서울특별시 영등포구 대림2동 702
서울대방초등학교,서울특별시 영등포구 신길7동 1444번지
서울대영초등학교,서울특별시 영등포구 신길5동 341-1
서울도림초등학교,서울특별시 영등포구 신길3동 288번지
서울도신초등학교,서울 영등포구 대림3동 741-3번지
서울문래초등학교,서울특별시 영등포구 문래동3가 77-7
서울선유초등학교,서울 영등포구 양평동3가 91번지
서울신대림초등학교,서울 영등포구 대림동 970-1번지 (대림로 8길)
서울신영초등학교,서울특별시 영등포구 대림3동 도신로 4길 32
서울여의도초등학교,서울 영등포구 여의도동 40-3번지
서울영동초등학교,서울특별시 영등포구 당산동6가 121-22번지
서울영등포초등학교,서울특별시 영등포구 문래동1가 (문래동1가)35-2
서울영림초등학교,서울특별시 영등포구 대림2동 993-16
서울영문초등학교,서울특별시 영등포구 문래동6가 13
서울영신초등학교,서울특별시 영등포구 신길1동 121
서울영원초등학교,서울 영등포구 영등포동 647-2
서울영중초등학교,서울특별시 영등포구 영등포동7가 53번지
서울우신초등학교,서울특별시 영등포구 신길4동 210번지
서울윤중초등학교,서울특별시 영등포구 여의나루길 109-1
서울강남초등학교,서울특별시 동작구 상도1동 강남초등길15
서울남사초등학교,서울 동작구 사당1동 1011-1
서울남성초등학교,서울특별시 동작구 사당3동 324-20 (학수길 51-2)
서울노량진초등학교,서울특별시 동작구 노량진1동 238
서울대림초등학교,서울 동작구 대방동 1길 22
서울동작초등학교,서울특별시 동작구 사당동 산9-1
서울문창초등학교,서울특별시 동작구 신대방 2길 14
서울보라매초등학교,서울특별시 동작구 신대방2동 488-1(기상청길 18)
서울본동초등학교,서울 동작구 본동 50-8
서울삼일초등학교,서울특별시 동작구 사당로23나길 27 (사당동)
서울상도초등학교,서울특별시 동작구 상도4동 238-2 (동작구 성대로21길62)
서울상현초등학교,서울특별시 동작구 상도동 531-1번지
서울신길초등학교,서울 동작구 대방동 351-6
서울신남성초등학교,서울특별시 동작구 사당5동 199-1
서울신상도초등학교,서울 동작구 상도동 산 65
서울영본초등학교,서울 동작구 본동 441-11
서울영화초등학교,서울특별시 동작구 대방동 44-3
서울은로초등학교,서울특별시 동작구 흑석동 245(서달로 115)
서울행림초등학교,서울특별시 동작구 사당5동 236-4
서울흑석초등학교,서울특별시 동작구 흑석동 87
중앙대학교사범대학부속초등학교,서울특별시 동작구 서달로 135 (구 흑석동 233)
서울관악초등학교,서울 관악구 청룡4길 49 서울관악초등학교
서울구암초등학교,서울 관악구 성현동 491-5 서울구암초등학교
서울난곡초등학교,서울특별시 관악구 신림동 711-136
서울난우초등학교,서울특별시 관악구 난우길 40 (미성동 589번지)
서울난향초등학교,서울 관악구 신림7동 672
서울남부초등학교,서울특별시 관악구 신사동 467
서울당곡초등학교,서울특별시 관악구 보라매동 693-2
서울미성초등학교,서울특별시 관악구 문성로 79
서울봉천초등학교,서울특별시 관악구 행운동 행운1라길 17
서울봉현초등학교,서울특별시 관악구 성현로 117
서울사당초등학교,서울특별시 관악구 남현동 1080-1
서울삼성초등학교,서울특별시 관악구 대학로 7길 52(신림동)
서울신림초등학교,서울 관악구 신림1동 418-20
서울신봉초등학교,서울특별시 관악구 봉천10동 458
서울신성초등학교,서울 관악구 신림동 117
서울신우초등학교,서울특별시 관악구 신림동 315번지 호암길 109
서울원당초등학교,서울특별시 관악구 봉천동 1669-1
서울원신초등학교,서울특별시 관악구 광신길 177
서울은천초등학교,서울특별시 관악구 은천로 69
서울인헌초등학교,서울특별시 관악구 봉천동 212-3
서울조원초등학교,서울특별시 관악구 신림8동 548-2
서울청룡초등학교,서울특별시 관악구 봉천동 관악로5길 61
계성초등학교,서울특별시 서초구 반포동 6-1
서울교육대학교부설초등학교,서울특별시 서초구 서초중앙로 96
서울매헌초등학교,서울특별시 서초구 언남길8
서울반원초등학교,서울특별시 서초구 잠원동 72
서울반포초등학교,서울특별시 서초구 신반포로 55-4
서울방배초등학교,서울특별시 서초구 방배4동 861-1번지(방배중앙로 13길 26)
서울방일초등학교,서울특별시 서초구 방배동 167-4
서울방현초등학교,서울특별시 서초구 방배3동 산81-1
서울서래초등학교,서울특별시 서초구 방배로 260 771번지
서울서원초등학교,서울특별시 서초구 반포1동 30-8번지
서울서이초등학교,서울특별시 서초구 서초2동 1334-2번지(서운로 35)
서울서일초등학교,서울특별시 서초구 남부순환로 339길 38
서울서초초등학교,서울특별시 서초구 서운로 178
서울신동초등학교,서울특별시 서초구 잠원동 54-5
서울신중초등학교,서울특별시 서초구 남부순환로 317길 15
서울양재초등학교,서울특별시 서초구 바우뫼로18길 14 양재동 101번지
서울언남초등학교,서울특별시 서초구 염곡동 염곡안1길 25번지
서울우면초등학교,서울특별시 서초구 우면동 690
서울우솔초등학교,서울특별시 서초구 우면동 554-1
서울우암초등학교,서울특별시 서초구 우면동 7길 38
서울원명초등학교,서울 서초구 서초4동 1685-1번지
서울원촌초등학교,서울특별시 서초구 사평대로 45길 26
서울이수초등학교,서울특별시 서초구 방배동 방배천로4길 23
서울잠원초등학교,서울시 서초구 사평대로 23길 14 서울잠원초등학교
서울개원초등학교,서울특별시 강남구 개포1동 660-10
서울개일초등학교,서울 강남구 개포로 401
서울개포초등학교,서울특별시 강남구 영동대로3길 45 (개포동) 개포초등학교
서울구룡초등학교,서울특별시 강남구 개포동길 263
서울논현초등학교,서울특별시 강남구 논현동 168
서울대곡초등학교,서울특별시 강남구 대치2동 510번지
서울대도초등학교,서울특별시 강남구 도곡동 106-1
서울대모초등학교,서울특별시 강남구 일원본동 736번지
서울대왕초등학교,서울특별시 강남구 세곡동 122-2
서울대진초등학교,서울 강남구 개포로 109길 74
서울대청초등학교,서울 강남구 712번지
서울대치초등학교,서울특별시 강남구 양재천로 363번지
서울대현초등학교,서울특별시 강남구 역삼로98길 16
서울도곡초등학교,서울특별시 강남구 대치4동 924-10
서울도성초등학교,서울특별시 강남구 역삼동 714
서울봉은초등학교,서울특별시 강남구 삼성동 학동로 610 서울봉은초등학교
서울삼릉초등학교,서울 강남구 봉은사로 63길 22 (삼성동)
서울세명초등학교,서울특별시 강남구 세곡동 464-9
서울수서초등학교,서울특별시 강남구 광평로 51길 46(수서동 709번지)
서울신구초등학교,서울특별시 강남구 압구정로 18길 28
서울압구정초등학교,서울특별시 강남구 압구정동 압구정로39길 29
서울양전초등학교,서울 강남구 개포3동 183번지
서울언북초등학교,서울특별시 강남구 삼성로 135길 42 (청담동)
서울언주초등학교,서울특별시 강남구 도곡동 922
서울역삼초등학교,서울특별시 강남구 역삼동 833-7
서울영희초등학교,서울특별시 강남구 일원1동 617번지
서울왕북초등학교,서울특별시 강남구 수서동 745번지 서울왕북초등학교
서울일원초등학교,서울특별시 강남구 일원동 영동대로4길 20
서울청담초등학교,서울 강남구 청담1동 142번지
서울포이초등학교,서울 강남구 개포로 22길 87(개포동)
서울학동초등학교,서울 강남구 논현동 264-7번지
서울가동초등학교,서울특별시 송파구 가락동 163
서울가락초등학교,서울특별시 송파구 가락1동 송파대로37길 45
서울가원초등학교,서울특별시 송파구 문정2동 150-10
서울가주초등학교,서울특별시 송파구 가락2동 오금로 40길 37 서울가주초등학교
서울개롱초등학교,서울특별시 송파구 오금동 211
서울거여초등학교,서울특별시 송파구 오금동 108
서울거원초등학교,서울특별시 송파구 거여2동 296-1번지
서울남천초등학교,서울 송파구 마천2동 53번지
서울마천초등학교,서울특별시 송파구 마천1동 다길24
서울문덕초등학교,서울특별시 송파구 문정동 90-3번지
서울문정초등학교,서울특별시 송파구 문정동 12번지 서울문정초등학교
서울방산초등학교,서울특별시 송파구 오금로 27길 42
서울방이초등학교,서울특별시 송파구 방이1동 167번지 서울방이초등학교
서울버들초등학교,서울특별시 송파구 잠실3동 35-6
서울삼전초등학교,서울 송파구 삼전동 63번지
서울석촌초등학교,서울 송파구 석촌동 267번지
서울세륜초등학교,서울특별시 송파구 방이동 89-23
서울송전초등학교,서울특별시 송파구 잠실3동 44-2
서울송파초등학교,서울특별시 송파구 송파1동 400
서울신가초등학교,서울 송파구 가락본동 43-1번지(장지동길 75)
서울신천초등학교,서울특별시 송파구 잠실동 27-5
서울아주초등학교,서울특별시 송파구 잠실7동 354번지
서울영풍초등학교,서울특별시 송파구 거여동 12번지
서울오금초등학교,서울특별시 송파구 오금동 7번지 오금초등학교
서울오륜초등학교,서울특별시 송파구 방이동 양재대로 1196
서울잠동초등학교,서울특별시 송파구 올림픽로35길 122
서울잠신초등학교,서울특별시 송파구 잠실2동 22-10
서울잠실초등학교,서울특별시 송파구 잠실4동 20-1
서울잠일초등학교,서울특별시 송파구 잠실2동 19
서울잠전초등학교,서울특별시 송파구 잠실본동 229(새내길 18번지)
서울잠현초등학교,서울특별시 송파구 신천동 17-3번지
서울장지초등학교,서울특별시 송파구 장지동 185-2
서울중대초등학교,서울특별시 송파구 송파동 191
서울토성초등학교,서울특별시 송파구 풍납2동 251번지(벌말8길 48)
서울평화초등학교,서울 송파구 가락본동 106번지
서울풍납초등학교,서울특별시 송파구 풍납1동 165
서울풍성초등학교,서울특별시 송파구 풍납2동 388-8
서울강덕초등학교,서울특별시 강동구 고덕2동 방죽말길 167-1
서울강동초등학교,서울 강동구 천호4동 306
서울강명초등학교,서울특별시 강동구 상일로 74-1 (상일동 98)
서울강일초등학교,서울특별시 강동구 강일동 아리수로 98길 24 (강일동. 서울강일초등학교)
서울고덕초등학교,서울특별시 강동구 고덕동 158
서울고명초등학교,서울특별시 강동구 명일동 296-1번지
서울고일초등학교,서울특별시 강동구 상일동 125번지
서울길동초등학교,서울특별시 강동구 길1동 362번지
서울대명초등학교,서울특별시 강동구 명일2동 234번지 (상암길 271 )
서울둔촌초등학교,서울특별시 강동구 양재대로 88길 27
서울명덕초등학교,서울 강동구 고덕1동 487-15
서울명원초등학교,서울특별시 강동구 명일2동 명일로 364
서울명일초등학교,서울 강동구 암사4동 418-18번지
서울묘곡초등학교,서울특별시 강동구 고덕1동 46 서울묘곡초등학교
서울상일초등학교,서울특별시 강동구 상일동 328번지
서울선린초등학교,서울특별시 강동구 둔촌2동 91번지
서울선사초등학교,서울특별시 강동구 암사2동 186-1번지
서울성내초등학교,서울특별시 강동구 성내1동 성내로 3길 19번지
서울성일초등학교,서울 강동구 성내1동 531
서울신명초등학교,서울특별시 강동구 길2동 42번지
서울신암초등학교,서울특별시 강동구 암사2동 33-16번(암사동517)
서울위례초등학교,서울특별시 강동구 둔촌1동 23(둔촌동)
서울천동초등학교,서울 강동구 길동 성안로 200
서울천일초등학교,서울 강동구 천호1동 217-70번지
서울천호초등학교,서울특별시 강동구 천호1동 230-9
서울한산초등학교,서울특별시 강동구 둔촌2동 149번지
